{
  "generatedAt": "2026-03-09T11:19:02.566Z",
  "commitSha": "3bc0e02",
  "testFilesCount": 3654,
  "javascript": {
    "name": "JavaScript (svelte/compiler)",
    "filesCount": 3654,
    "durationMs": 688.9318886666666,
    "throughputFilesPerSec": 5303.862486423464
  },
  "rustSingleThread": {
    "name": "Rust (single-threaded)",
    "filesCount": 3654,
    "durationMs": 332.5967,
    "throughputFilesPerSec": 10986.278577027371
  },
  "rustMultiThread": {
    "name": "Rust (multi-threaded)",
    "filesCount": 3654,
    "durationMs": 43.605133333333335,
    "throughputFilesPerSec": 83797.47338616096
  },
  "speedup": {
    "singleThreadVsJs": 2.071373193620582,
    "multiThreadVsJs": 15.799329941276026
  }
}
