{
  "generatedAt": "2026-05-24T04:11:26.299Z",
  "commitSha": "0eceb8d",
  "runner": {
    "label": "local",
    "os": "darwin",
    "arch": "arm64",
    "cpus": 10,
    "cpuModel": "Apple M1 Pro"
  },
  "testFilesCount": 3637,
  "javascript": {
    "durationMs": 948.6967496666663,
    "throughputFilesPerSec": 3833.6802579727346
  },
  "rustSingleThread": {
    "durationMs": 380.83593333333334,
    "throughputFilesPerSec": 9550.044209763819
  },
  "rustMultiThread": {
    "durationMs": 50.7928,
    "throughputFilesPerSec": 71604.6368776677
  },
  "speedup": {
    "singleThreadVsJs": 2.491090431942783,
    "multiThreadVsJs": 18.677780111879365
  },
  "parse": {
    "javascript": {
      "durationMs": 207.14083366664514,
      "throughputFilesPerSec": 17558.10255091026
    },
    "rustSingleThread": {
      "durationMs": 9.008266666666666,
      "throughputFilesPerSec": 403740.26819809957
    },
    "rustMultiThread": {
      "durationMs": 2.2358999999999996,
      "throughputFilesPerSec": 1626638.0428462815
    },
    "speedup": {
      "singleThreadVsJs": 22.994527286045983,
      "multiThreadVsJs": 92.64315652159988
    }
  },
  "svelte2tsx": {
    "javascript": {
      "durationMs": 374.3909579999745,
      "throughputFilesPerSec": 9714.444011760155
    },
    "rustSingleThread": {
      "durationMs": 115.08563333333335,
      "throughputFilesPerSec": 31602.554503617448
    },
    "rustMultiThread": {
      "durationMs": 16.009633333333333,
      "throughputFilesPerSec": 227175.72128447666
    },
    "speedup": {
      "singleThreadVsJs": 3.25315112891277,
      "multiThreadVsJs": 23.385354942543415
    }
  },
  "svelteCheck": {
    "javascript": {
      "durationMs": 2120.2344580000004,
      "throughputFilesPerSec": 235.82297613993398
    },
    "rustSingleThread": {
      "durationMs": 47.56694433333333,
      "throughputFilesPerSec": 10511.5013589304
    },
    "rustMultiThread": {
      "durationMs": 13.572291666666667,
      "throughputFilesPerSec": 36839.76238353262
    },
    "speedup": {
      "singleThreadVsJs": 44.573694773036124,
      "multiThreadVsJs": 156.2178672601962
    },
    "filesCount": 500
  }
}
