{
  "generatedAt": "2026-05-13T09:25:35.205Z",
  "commitSha": "1a845bf",
  "testFilesCount": 3637,
  "javascript": {
    "durationMs": 959.4235419999999,
    "throughputFilesPerSec": 3790.817965982328
  },
  "rustSingleThread": {
    "durationMs": 404.14090000000004,
    "throughputFilesPerSec": 8999.33661750147
  },
  "rustMultiThread": {
    "durationMs": 55.585633333333334,
    "throughputFilesPerSec": 65430.57588621521
  },
  "speedup": {
    "singleThreadVsJs": 2.3739827916451905,
    "multiThreadVsJs": 17.26027904092724
  },
  "parse": {
    "javascript": {
      "durationMs": 216.3832499999747,
      "throughputFilesPerSec": 16808.14018645355
    },
    "rustSingleThread": {
      "durationMs": 8.566033333333332,
      "throughputFilesPerSec": 424583.9186554649
    },
    "rustMultiThread": {
      "durationMs": 1.6194,
      "throughputFilesPerSec": 2245893.5408175867
    },
    "speedup": {
      "singleThreadVsJs": 25.260612652294306,
      "multiThreadVsJs": 133.61939607260388
    }
  },
  "svelte2tsx": {
    "javascript": {
      "durationMs": 343.5215273333403,
      "throughputFilesPerSec": 10587.400528383167
    },
    "rustSingleThread": {
      "durationMs": 192.62973333333335,
      "throughputFilesPerSec": 18880.781990734555
    },
    "rustMultiThread": {
      "durationMs": 25.08583333333333,
      "throughputFilesPerSec": 144982.22768494836
    },
    "speedup": {
      "singleThreadVsJs": 1.783325561370624,
      "multiThreadVsJs": 13.693845556921517
    }
  }
}
