{
  "generatedAt": "2026-05-20T08:44:41.752Z",
  "commitSha": "b6932b4",
  "testFilesCount": 3637,
  "javascript": {
    "durationMs": 954.4623613333333,
    "throughputFilesPerSec": 3810.5221822674116
  },
  "rustSingleThread": {
    "durationMs": 382.95053333333334,
    "throughputFilesPerSec": 9497.310183491061
  },
  "rustMultiThread": {
    "durationMs": 50.904066666666665,
    "throughputFilesPerSec": 71448.12267782142
  },
  "speedup": {
    "singleThreadVsJs": 2.4923907352350816,
    "multiThreadVsJs": 18.75021827987548
  },
  "parse": {
    "javascript": {
      "durationMs": 206.9982220000044,
      "throughputFilesPerSec": 17570.1992261553
    },
    "rustSingleThread": {
      "durationMs": 8.568566666666667,
      "throughputFilesPerSec": 424458.388606418
    },
    "rustMultiThread": {
      "durationMs": 2.0837333333333334,
      "throughputFilesPerSec": 1745424.8784233425
    },
    "speedup": {
      "singleThreadVsJs": 24.157858607235482,
      "multiThreadVsJs": 99.34007326593505
    }
  },
  "svelte2tsx": {
    "javascript": {
      "durationMs": 342.8509446666576,
      "throughputFilesPerSec": 10608.108440640677
    },
    "rustSingleThread": {
      "durationMs": 113.55810000000001,
      "throughputFilesPerSec": 32027.658088678832
    },
    "rustMultiThread": {
      "durationMs": 14.965333333333334,
      "throughputFilesPerSec": 243028.3321454027
    },
    "speedup": {
      "singleThreadVsJs": 3.0191676742271802,
      "multiThreadVsJs": 22.909676452244582
    }
  }
}
