{
  "generatedAt": "2026-05-21T01:51:35.233Z",
  "commitSha": "2bf88d6",
  "testFilesCount": 3637,
  "javascript": {
    "durationMs": 2397.758622000001,
    "throughputFilesPerSec": 1516.8332486137956
  },
  "rustSingleThread": {
    "durationMs": 701.5276666666667,
    "throughputFilesPerSec": 5184.399950013851
  },
  "rustMultiThread": {
    "durationMs": 257.4873,
    "throughputFilesPerSec": 14124.968493591723
  },
  "speedup": {
    "singleThreadVsJs": 3.4179102777129735,
    "multiThreadVsJs": 9.312143247453374
  },
  "parse": {
    "javascript": {
      "durationMs": 404.98838766666205,
      "throughputFilesPerSec": 8980.5044064462
    },
    "rustSingleThread": {
      "durationMs": 15.809433333333333,
      "throughputFilesPerSec": 230052.52138491155
    },
    "rustMultiThread": {
      "durationMs": 6.016566666666666,
      "throughputFilesPerSec": 604497.5816772578
    },
    "speedup": {
      "singleThreadVsJs": 25.616881967095303,
      "multiThreadVsJs": 67.31220812534204
    }
  },
  "svelte2tsx": {
    "javascript": {
      "durationMs": 1119.3277593333817,
      "throughputFilesPerSec": 3249.2716897917585
    },
    "rustSingleThread": {
      "durationMs": 161.73943333333332,
      "throughputFilesPerSec": 22486.785844639413
    },
    "rustMultiThread": {
      "durationMs": 63.53426666666667,
      "throughputFilesPerSec": 57244.699448276726
    },
    "speedup": {
      "singleThreadVsJs": 6.920561895542986,
      "multiThreadVsJs": 17.61770172316537
    }
  },
  "svelteCheck": {
    "javascript": {
      "durationMs": 5183.762216666667,
      "throughputFilesPerSec": 96.45504155117608
    },
    "rustSingleThread": {
      "durationMs": 98.58185633333333,
      "throughputFilesPerSec": 5071.927214571387
    },
    "rustMultiThread": {
      "durationMs": 41.281664,
      "throughputFilesPerSec": 12111.914868547934
    },
    "speedup": {
      "singleThreadVsJs": 52.58332932115714,
      "multiThreadVsJs": 125.570573334124
    },
    "filesCount": 500
  }
}
