{
  "generatedAt": "2026-05-24T06:41:15.767Z",
  "commitSha": "e4896e4",
  "runner": {
    "label": "local",
    "os": "darwin",
    "arch": "arm64",
    "cpus": 10,
    "cpuModel": "Apple M1 Pro"
  },
  "testFilesCount": 3637,
  "javascript": {
    "durationMs": 868.7699539999998,
    "throughputFilesPerSec": 4186.378664748345
  },
  "rustSingleThread": {
    "durationMs": 379.78966,
    "throughputFilesPerSec": 9576.353395192486
  },
  "rustMultiThread": {
    "durationMs": 52.09932,
    "throughputFilesPerSec": 69808.97255472816
  },
  "speedup": {
    "singleThreadVsJs": 2.2875029141130376,
    "multiThreadVsJs": 16.67526474433831
  },
  "parse": {
    "javascript": {
      "durationMs": 188.1086832999892,
      "throughputFilesPerSec": 19334.567316065037
    },
    "rustSingleThread": {
      "durationMs": 8.65458,
      "throughputFilesPerSec": 420239.91921040654
    },
    "rustMultiThread": {
      "durationMs": 1.8270000000000004,
      "throughputFilesPerSec": 1990695.1286261627
    },
    "speedup": {
      "singleThreadVsJs": 21.735160261964094,
      "multiThreadVsJs": 102.96041778871874
    }
  },
  "svelte2tsx": {
    "javascript": {
      "durationMs": 309.9156376000377,
      "throughputFilesPerSec": 11735.451712487442
    },
    "rustSingleThread": {
      "durationMs": 114.97493,
      "throughputFilesPerSec": 31632.982946804143
    },
    "rustMultiThread": {
      "durationMs": 17.752499999999998,
      "throughputFilesPerSec": 204872.5531615266
    },
    "speedup": {
      "singleThreadVsJs": 2.6955062081797982,
      "multiThreadVsJs": 17.457577107451783
    }
  },
  "svelteCheck": {
    "javascript": {
      "durationMs": 2088.9896543,
      "throughputFilesPerSec": 239.3501561727672
    },
    "rustSingleThread": {
      "durationMs": 47.067037600000006,
      "throughputFilesPerSec": 10623.145740534135
    },
    "rustMultiThread": {
      "durationMs": 13.9306666,
      "throughputFilesPerSec": 35892.03692521074
    },
    "speedup": {
      "singleThreadVsJs": 44.383283096193836,
      "multiThreadVsJs": 149.95618761703764
    },
    "filesCount": 500
  }
}
