{
  "generatedAt": "2026-05-21T04:54:28.795Z",
  "commitSha": "fa30f1e",
  "runner": {
    "label": "local",
    "os": "darwin",
    "arch": "arm64",
    "cpus": 10,
    "cpuModel": "Apple M1 Pro"
  },
  "testFilesCount": 3637,
  "javascript": {
    "durationMs": 2567.3257223333335,
    "throughputFilesPerSec": 1416.649226999714
  },
  "rustSingleThread": {
    "durationMs": 597.8582,
    "throughputFilesPerSec": 6083.382313732588
  },
  "rustMultiThread": {
    "durationMs": 57.28946666666667,
    "throughputFilesPerSec": 63484.619627575514
  },
  "speedup": {
    "singleThreadVsJs": 4.294205084639357,
    "multiThreadVsJs": 44.813224344905755
  },
  "parse": {
    "javascript": {
      "durationMs": 215.38154200002705,
      "throughputFilesPerSec": 16886.312384185378
    },
    "rustSingleThread": {
      "durationMs": 14.038133333333333,
      "throughputFilesPerSec": 259080.02963356956
    },
    "rustMultiThread": {
      "durationMs": 2.6806,
      "throughputFilesPerSec": 1356785.7942251735
    },
    "speedup": {
      "singleThreadVsJs": 15.342605522103632,
      "multiThreadVsJs": 80.34825859883125
    }
  },
  "svelte2tsx": {
    "javascript": {
      "durationMs": 415.28627766668797,
      "throughputFilesPerSec": 8757.814056449717
    },
    "rustSingleThread": {
      "durationMs": 170.45809999999997,
      "throughputFilesPerSec": 21336.62172698159
    },
    "rustMultiThread": {
      "durationMs": 19.4945,
      "throughputFilesPerSec": 186565.4415347919
    },
    "speedup": {
      "singleThreadVsJs": 2.4362953574320496,
      "multiThreadVsJs": 21.302740653347765
    }
  },
  "svelteCheck": {
    "javascript": {
      "durationMs": 2265.6093613333333,
      "throughputFilesPerSec": 220.69117851179124
    },
    "rustSingleThread": {
      "durationMs": 51.55755533333333,
      "throughputFilesPerSec": 9697.899692244266
    },
    "rustMultiThread": {
      "durationMs": 15.404694333333333,
      "throughputFilesPerSec": 32457.638508157786
    },
    "speedup": {
      "singleThreadVsJs": 43.94330465604052,
      "multiThreadVsJs": 147.07265930171113
    },
    "filesCount": 500
  }
}
