{
  "generatedAt": "2026-05-24T08:54:00.811Z",
  "commitSha": "da6b3c8",
  "runner": {
    "label": "local",
    "os": "darwin",
    "arch": "arm64",
    "cpus": 10,
    "cpuModel": "Apple M1 Pro",
    "nodeVersion": "24.13.0",
    "v8Version": "13.6.233.17-node.37",
    "loadAvg1min": 3.12109375,
    "warmupIterations": 3,
    "benchmarkIterations": 10
  },
  "testFilesCount": 3637,
  "javascript": {
    "durationMs": 864.7678960000007,
    "throughputFilesPerSec": 4205.752800055377,
    "minMs": 846.929916000001,
    "maxMs": 906.0594999999998,
    "meanMs": 866.9728543000001,
    "stdDevMs": 15.58554022613731,
    "samples": 10
  },
  "rustSingleThread": {
    "durationMs": 381.11879999999996,
    "throughputFilesPerSec": 9542.95615960168,
    "minMs": 377.2322,
    "maxMs": 402.2978,
    "meanMs": 384.48970999999995,
    "stdDevMs": 8.571990819226302,
    "samples": 10
  },
  "rustMultiThread": {
    "durationMs": 50.113150000000005,
    "throughputFilesPerSec": 72575.76105273765,
    "minMs": 48.1451,
    "maxMs": 58.8999,
    "meanMs": 51.50852000000001,
    "stdDevMs": 3.367595714690231,
    "samples": 10
  },
  "speedup": {
    "singleThreadVsJs": 2.2690245036455847,
    "multiThreadVsJs": 17.25630689749099
  },
  "parse": {
    "javascript": {
      "durationMs": 187.48202049999963,
      "throughputFilesPerSec": 19399.19353493423,
      "minMs": 185.91391699999804,
      "maxMs": 197.68029200000456,
      "meanMs": 189.3381710000045,
      "stdDevMs": 3.907803400003908,
      "samples": 10
    },
    "rustSingleThread": {
      "durationMs": 8.65385,
      "throughputFilesPerSec": 420275.36876650277,
      "minMs": 8.5485,
      "maxMs": 8.9628,
      "meanMs": 8.67866,
      "stdDevMs": 0.11830958710096129,
      "samples": 10
    },
    "rustMultiThread": {
      "durationMs": 1.8849,
      "throughputFilesPerSec": 1929545.3339699719,
      "minMs": 1.4472,
      "maxMs": 1.9417,
      "meanMs": 1.8140899999999998,
      "stdDevMs": 0.16557500686999832,
      "samples": 10
    },
    "speedup": {
      "singleThreadVsJs": 21.664579406853555,
      "multiThreadVsJs": 99.46523449519849
    }
  },
  "svelte2tsx": {
    "javascript": {
      "durationMs": 306.05604150000727,
      "throughputFilesPerSec": 11883.44455536557,
      "minMs": 297.6431660000235,
      "maxMs": 324.47320799995214,
      "meanMs": 308.82014159997925,
      "stdDevMs": 8.489191501299034,
      "samples": 10
    },
    "rustSingleThread": {
      "durationMs": 115.31625,
      "throughputFilesPerSec": 31539.353733753916,
      "minMs": 114.7892,
      "maxMs": 116.2603,
      "meanMs": 115.33953,
      "stdDevMs": 0.45297648515127115,
      "samples": 10
    },
    "rustMultiThread": {
      "durationMs": 16.01135,
      "throughputFilesPerSec": 227151.36450080722,
      "minMs": 14.7869,
      "maxMs": 17.1429,
      "meanMs": 16.086229999999997,
      "stdDevMs": 0.879831208869065,
      "samples": 10
    },
    "speedup": {
      "singleThreadVsJs": 2.6540582224968925,
      "multiThreadVsJs": 19.1149429311087
    }
  },
  "svelteCheck": {
    "javascript": {
      "durationMs": 2087.9697085,
      "throughputFilesPerSec": 239.46707558281614,
      "minMs": 2068.028625,
      "maxMs": 2097.983291,
      "meanMs": 2086.8648458,
      "stdDevMs": 8.418588180578206,
      "samples": 10
    },
    "rustSingleThread": {
      "durationMs": 46.8917915,
      "throughputFilesPerSec": 10662.847035818626,
      "minMs": 45.800708,
      "maxMs": 47.750375,
      "meanMs": 46.7948,
      "stdDevMs": 0.5972524083971537,
      "samples": 10
    },
    "rustMultiThread": {
      "durationMs": 13.7850415,
      "throughputFilesPerSec": 36271.20019914339,
      "minMs": 13.431709,
      "maxMs": 14.265917,
      "meanMs": 13.798795899999998,
      "stdDevMs": 0.2869505560348161,
      "samples": 10
    },
    "speedup": {
      "singleThreadVsJs": 44.52740323431661,
      "multiThreadVsJs": 151.46633461350115
    },
    "filesCount": 500
  }
}
