{
  "generatedAt": "2026-03-23T21:23:25.177Z",
  "commitSha": "3cd64bf",
  "testFilesCount": 3654,
  "compile-client": {
    "task": "compile-client",
    "taskLabel": "Compile (Client)",
    "javascript": {
      "durationMs": 654.3563196666668,
      "throughputFilesPerSec": 5584.1135634807815
    },
    "rustSingleThread": {
      "durationMs": 276.7934666666667,
      "throughputFilesPerSec": 13201.178640536313
    },
    "rustMultiThread": {
      "durationMs": 42.44846666666667,
      "throughputFilesPerSec": 86080.84783588571
    },
    "speedup": {
      "singleThreadVsJs": 2.3640598441389034,
      "multiThreadVsJs": 15.415311106643822
    }
  },
  "compile-server": {
    "task": "compile-server",
    "taskLabel": "Compile (SSR)",
    "javascript": {
      "durationMs": 560.609430666654,
      "throughputFilesPerSec": 6517.906763813822
    },
    "rustSingleThread": {
      "durationMs": 319.9106,
      "throughputFilesPerSec": 11421.941004768207
    },
    "rustMultiThread": {
      "durationMs": 42.2187,
      "throughputFilesPerSec": 86549.32529897889
    },
    "speedup": {
      "singleThreadVsJs": 1.7523940459198728,
      "multiThreadVsJs": 13.278699502037108
    }
  },
  "parse": {
    "task": "parse",
    "taskLabel": "Parse",
    "javascript": {
      "durationMs": 144.1718610000098,
      "throughputFilesPerSec": 25344.751567018695
    },
    "rustSingleThread": {
      "durationMs": 102.60196666666667,
      "throughputFilesPerSec": 35613.35244061274
    },
    "rustMultiThread": {
      "durationMs": 13.275233333333333,
      "throughputFilesPerSec": 275249.3992572635
    },
    "speedup": {
      "singleThreadVsJs": 1.4051568959530323,
      "multiThreadVsJs": 10.860212952943186
    }
  }
}
