{
  "generatedAt": "2026-03-23T18:22:15.240Z",
  "commitSha": "a86d94c",
  "testFilesCount": 3654,
  "compile-client": {
    "task": "compile-client",
    "taskLabel": "Compile (Client)",
    "javascript": {
      "durationMs": 661.1799719999999,
      "throughputFilesPerSec": 5526.483188755755
    },
    "rustSingleThread": {
      "durationMs": 286.7246666666667,
      "throughputFilesPerSec": 12743.933204212171
    },
    "rustMultiThread": {
      "durationMs": 35.546166666666664,
      "throughputFilesPerSec": 102795.89454090221
    },
    "speedup": {
      "singleThreadVsJs": 2.305975205016659,
      "multiThreadVsJs": 18.60059843302372
    }
  },
  "compile-server": {
    "task": "compile-server",
    "taskLabel": "Compile (SSR)",
    "javascript": {
      "durationMs": 562.677430666663,
      "throughputFilesPerSec": 6493.951597935468
    },
    "rustSingleThread": {
      "durationMs": 304.6178333333333,
      "throughputFilesPerSec": 11995.358118122873
    },
    "rustMultiThread": {
      "durationMs": 38.1121,
      "throughputFilesPerSec": 95875.06330010679
    },
    "speedup": {
      "singleThreadVsJs": 1.8471585347104205,
      "multiThreadVsJs": 14.76374775115155
    }
  },
  "parse": {
    "task": "parse",
    "taskLabel": "Parse",
    "javascript": {
      "durationMs": 146.4245556666865,
      "throughputFilesPerSec": 24954.830720591577
    },
    "rustSingleThread": {
      "durationMs": 115.41503333333333,
      "throughputFilesPerSec": 31659.653811707372
    },
    "rustMultiThread": {
      "durationMs": 14.170333333333332,
      "throughputFilesPerSec": 257862.67083813602
    },
    "speedup": {
      "singleThreadVsJs": 1.2686783639683552,
      "multiThreadVsJs": 10.333176519020007
    }
  }
}
