{
  "generatedAt": "2026-03-24T04:57:34.437Z",
  "commitSha": "a2c60c8",
  "testFilesCount": 3654,
  "compile-client": {
    "task": "compile-client",
    "taskLabel": "Compile (Client)",
    "javascript": {
      "durationMs": 694.904861,
      "throughputFilesPerSec": 5258.273765334907
    },
    "rustSingleThread": {
      "durationMs": 290.5691666666667,
      "throughputFilesPerSec": 12575.319129409805
    },
    "rustMultiThread": {
      "durationMs": 61.14586666666667,
      "throughputFilesPerSec": 59758.74084702372
    },
    "speedup": {
      "singleThreadVsJs": 2.3915299375077073,
      "multiThreadVsJs": 11.364707033890543
    }
  },
  "compile-server": {
    "task": "compile-server",
    "taskLabel": "Compile (SSR)",
    "javascript": {
      "durationMs": 657.2841946666595,
      "throughputFilesPerSec": 5559.239107906922
    },
    "rustSingleThread": {
      "durationMs": 311.23269999999997,
      "throughputFilesPerSec": 11740.411595568205
    },
    "rustMultiThread": {
      "durationMs": 53.85883333333334,
      "throughputFilesPerSec": 67844.02434760006
    },
    "speedup": {
      "singleThreadVsJs": 2.1118738315950076,
      "multiThreadVsJs": 12.203832760333206
    }
  },
  "parse": {
    "task": "parse",
    "taskLabel": "Parse",
    "javascript": {
      "durationMs": 164.75311100001758,
      "throughputFilesPerSec": 22178.640377841548
    },
    "rustSingleThread": {
      "durationMs": 104.7219,
      "throughputFilesPerSec": 34892.41505358478
    },
    "rustMultiThread": {
      "durationMs": 15.424433333333333,
      "throughputFilesPerSec": 236896.87141396874
    },
    "speedup": {
      "singleThreadVsJs": 1.5732440969846573,
      "multiThreadVsJs": 10.681307211719345
    }
  }
}
