{
  "generatedAt": "2026-03-26T05:35:34.200Z",
  "commitSha": "0c0b089",
  "testFilesCount": 3654,
  "compile-client": {
    "task": "compile-client",
    "taskLabel": "Compile (Client)",
    "javascript": {
      "durationMs": 719.8734579999999,
      "throughputFilesPerSec": 5075.892102136651
    },
    "rustSingleThread": {
      "durationMs": 248.60693333333333,
      "throughputFilesPerSec": 14697.900621704302
    },
    "rustMultiThread": {
      "durationMs": 31.827299999999997,
      "throughputFilesPerSec": 114807.09956546739
    },
    "speedup": {
      "singleThreadVsJs": 2.895629049230056,
      "multiThreadVsJs": 22.618112689420716
    }
  },
  "compile-server": {
    "task": "compile-server",
    "taskLabel": "Compile (SSR)",
    "javascript": {
      "durationMs": 611.148166999997,
      "throughputFilesPerSec": 5978.910184639428
    },
    "rustSingleThread": {
      "durationMs": 283.2939666666667,
      "throughputFilesPerSec": 12898.262688027595
    },
    "rustMultiThread": {
      "durationMs": 42.52693333333334,
      "throughputFilesPerSec": 85922.01961423662
    },
    "speedup": {
      "singleThreadVsJs": 2.1572932674527965,
      "multiThreadVsJs": 14.370849696819512
    }
  },
  "parse": {
    "task": "parse",
    "taskLabel": "Parse",
    "javascript": {
      "durationMs": 148.00777766665365,
      "throughputFilesPerSec": 24687.891795994794
    },
    "rustSingleThread": {
      "durationMs": 72.79566666666666,
      "throughputFilesPerSec": 50195.29550751648
    },
    "rustMultiThread": {
      "durationMs": 12.312266666666666,
      "throughputFilesPerSec": 296777.197808148
    },
    "speedup": {
      "singleThreadVsJs": 2.0331948925529497,
      "multiThreadVsJs": 12.02116406943647
    }
  }
}
