{
  "generatedAt": "2026-07-21T04:05:37.977Z",
  "commitSha": "ef9b934b",
  "runner": {
    "label": "local",
    "os": "darwin",
    "arch": "arm64",
    "cpus": 12,
    "cpuModel": "Apple M4 Pro",
    "nodeVersion": "24.13.1",
    "v8Version": "13.6.233.17-node.40",
    "loadAvg1min": 5.91552734375,
    "warmupIterations": 3,
    "benchmarkIterations": 10
  },
  "testFilesCount": 3404,
  "excludedFilesCount": 453,
  "javascript": {
    "durationMs": 547.1240209999999,
    "throughputFilesPerSec": 6221.624109609329,
    "minMs": 534.2057079999995,
    "maxMs": 561.323292,
    "meanMs": 547.5033083000001,
    "stdDevMs": 7.595778872285425,
    "samples": 10
  },
  "rustSingleThread": {
    "durationMs": 190.66495,
    "throughputFilesPerSec": 17853.307595339364,
    "minMs": 189.2397,
    "maxMs": 201.4857,
    "meanMs": 193.10836,
    "stdDevMs": 4.228481608379063,
    "samples": 10
  },
  "rustMultiThread": {
    "durationMs": 31.2956,
    "throughputFilesPerSec": 108769.28386099005,
    "minMs": 23.4389,
    "maxMs": 36.7521,
    "meanMs": 30.862989999999996,
    "stdDevMs": 4.059622855007593,
    "samples": 10
  },
  "speedup": {
    "singleThreadVsJs": 2.869557414721478,
    "multiThreadVsJs": 17.482458268894025
  },
  "compileServer": {
    "javascript": {
      "durationMs": 462.8784375000105,
      "throughputFilesPerSec": 7353.9826533827745,
      "minMs": 449.9624590000021,
      "maxMs": 475.723708000005,
      "meanMs": 462.5575584000035,
      "stdDevMs": 8.979703020547975,
      "samples": 10
    },
    "rustSingleThread": {
      "durationMs": 109.803,
      "throughputFilesPerSec": 31000.974472464324,
      "minMs": 107.6591,
      "maxMs": 113.9118,
      "meanMs": 110.27194999999999,
      "stdDevMs": 2.1490509757797773,
      "samples": 10
    },
    "rustMultiThread": {
      "durationMs": 15.18765,
      "throughputFilesPerSec": 224129.47361836757,
      "minMs": 13.7667,
      "maxMs": 17.3348,
      "meanMs": 15.524080000000001,
      "stdDevMs": 1.1288172224058244,
      "samples": 10
    },
    "speedup": {
      "singleThreadVsJs": 4.215535436190364,
      "multiThreadVsJs": 30.47729158230605
    }
  },
  "parse": {
    "javascript": {
      "durationMs": 125.9816254999896,
      "throughputFilesPerSec": 27019.813298093068,
      "minMs": 124.52220799998031,
      "maxMs": 134.1011250000156,
      "meanMs": 127.16155839999556,
      "stdDevMs": 3.0932222235422073,
      "samples": 10
    },
    "rustSingleThread": {
      "durationMs": 7.774,
      "throughputFilesPerSec": 437869.8224852071,
      "minMs": 7.4484,
      "maxMs": 10.3506,
      "meanMs": 8.010829999999999,
      "stdDevMs": 0.8193813959933431,
      "samples": 10
    },
    "rustMultiThread": {
      "durationMs": 2.0745,
      "throughputFilesPerSec": 1640877.319836105,
      "minMs": 1.1396,
      "maxMs": 2.1747,
      "meanMs": 1.9115600000000001,
      "stdDevMs": 0.3793622601155788,
      "samples": 10
    },
    "speedup": {
      "singleThreadVsJs": 16.205508811421353,
      "multiThreadVsJs": 60.728669799946786
    }
  },
  "svelte2tsx": {
    "javascript": {
      "durationMs": 205.92843749999884,
      "throughputFilesPerSec": 16530.01421913872,
      "minMs": 199.6444579999952,
      "maxMs": 213.62595799998962,
      "meanMs": 206.86007909999753,
      "stdDevMs": 4.22197564608883,
      "samples": 10
    },
    "rustSingleThread": {
      "durationMs": 77.28845,
      "throughputFilesPerSec": 44042.80329078924,
      "minMs": 75.2759,
      "maxMs": 81.499,
      "meanMs": 77.53479,
      "stdDevMs": 1.5440216659425465,
      "samples": 10
    },
    "rustMultiThread": {
      "durationMs": 10.7756,
      "throughputFilesPerSec": 315898.8826608263,
      "minMs": 9.8053,
      "maxMs": 13.9488,
      "meanMs": 11.018680000000002,
      "stdDevMs": 1.083863953455414,
      "samples": 10
    },
    "speedup": {
      "singleThreadVsJs": 2.6644141200916676,
      "multiThreadVsJs": 19.110623770369987
    }
  },
  "fmt": {
    "javascript": {
      "durationMs": 2442.1451249999955,
      "throughputFilesPerSec": 1393.8565587907092,
      "minMs": 2424.2246660000237,
      "maxMs": 2561.3839579999913,
      "meanMs": 2453.4461206000037,
      "stdDevMs": 37.640024760729624,
      "samples": 10
    },
    "rustSingleThread": {
      "durationMs": 102.36325,
      "throughputFilesPerSec": 33254.12196271611,
      "minMs": 101.6086,
      "maxMs": 104.5673,
      "meanMs": 102.62456,
      "stdDevMs": 0.902688265349673,
      "samples": 10
    },
    "rustMultiThread": {
      "durationMs": 26.37235,
      "throughputFilesPerSec": 129074.58000519483,
      "minMs": 19.0717,
      "maxMs": 65.343,
      "meanMs": 34.714960000000005,
      "stdDevMs": 16.23815036974347,
      "samples": 10
    },
    "speedup": {
      "singleThreadVsJs": 23.857635674912583,
      "multiThreadVsJs": 92.6024842306429
    }
  },
  "svelteCheck": {
    "javascript": {
      "durationMs": 869.8641875000001,
      "throughputFilesPerSec": 574.8023739625445,
      "minMs": 853.862542,
      "maxMs": 887.657292,
      "meanMs": 868.9612543,
      "stdDevMs": 9.840932616635383,
      "samples": 10
    },
    "rustSingleThread": {
      "durationMs": 43.8889795,
      "throughputFilesPerSec": 11392.38154307051,
      "minMs": 39.318709,
      "maxMs": 52.655042,
      "meanMs": 43.83037939999999,
      "stdDevMs": 3.7912581476970737,
      "samples": 10
    },
    "rustMultiThread": {
      "durationMs": 20.479979,
      "throughputFilesPerSec": 24414.087533976475,
      "minMs": 15.748583,
      "maxMs": 24.65675,
      "meanMs": 20.2806749,
      "stdDevMs": 2.7184645992793595,
      "samples": 10
    },
    "speedup": {
      "singleThreadVsJs": 19.819649429306054,
      "multiThreadVsJs": 42.473880832592656
    },
    "filesCount": 500
  }
}
