{
  "generatedAt": "2026-06-25T10:59:22.583Z",
  "commitSha": "3876a01",
  "runner": {
    "label": "ubuntu-24.04-arm (GitHub-hosted, ARM64)",
    "os": "linux",
    "arch": "arm64",
    "cpus": 4,
    "cpuModel": "unknown",
    "nodeVersion": "24.17.0",
    "v8Version": "13.6.233.17-node.49",
    "loadAvg1min": 1,
    "warmupIterations": 3,
    "benchmarkIterations": 10
  },
  "testFilesCount": 3854,
  "javascript": {
    "durationMs": 1858.5531044999952,
    "throughputFilesPerSec": 2073.6561095125867,
    "minMs": 1811.7008090000018,
    "maxMs": 1926.4856239999935,
    "meanMs": 1864.5900696999947,
    "stdDevMs": 34.30058721833005,
    "samples": 10
  },
  "rustSingleThread": {
    "durationMs": 724.60095,
    "throughputFilesPerSec": 5318.789604126244,
    "minMs": 722.2741,
    "maxMs": 726.9646,
    "meanMs": 724.51684,
    "stdDevMs": 1.2424994512674983,
    "samples": 10
  },
  "rustMultiThread": {
    "durationMs": 207.79944999999998,
    "throughputFilesPerSec": 18546.728588550162,
    "minMs": 204.0445,
    "maxMs": 217.8173,
    "meanMs": 208.99025999999998,
    "stdDevMs": 3.9991544929397236,
    "samples": 10
  },
  "speedup": {
    "singleThreadVsJs": 2.5649332981139414,
    "multiThreadVsJs": 8.943975089924422
  },
  "parse": {
    "javascript": {
      "durationMs": 368.49755749999895,
      "throughputFilesPerSec": 10458.685333348543,
      "minMs": 361.1250980000477,
      "maxMs": 411.7929829999921,
      "meanMs": 371.40505739999935,
      "stdDevMs": 13.951177077961237,
      "samples": 10
    },
    "rustSingleThread": {
      "durationMs": 13.3981,
      "throughputFilesPerSec": 287652.7268791844,
      "minMs": 13.3288,
      "maxMs": 13.4847,
      "meanMs": 13.407569999999998,
      "stdDevMs": 0.0494230523136726,
      "samples": 10
    },
    "rustMultiThread": {
      "durationMs": 3.5999,
      "throughputFilesPerSec": 1070585.2940359456,
      "minMs": 3.4999,
      "maxMs": 3.7624,
      "meanMs": 3.59501,
      "stdDevMs": 0.07121775691497174,
      "samples": 10
    },
    "speedup": {
      "singleThreadVsJs": 27.50371750472074,
      "multiThreadVsJs": 102.3632760632237
    }
  },
  "svelte2tsx": {
    "javascript": {
      "durationMs": 886.7485345000168,
      "throughputFilesPerSec": 4346.215245986321,
      "minMs": 822.0005089999759,
      "maxMs": 937.9136530000251,
      "meanMs": 882.6149159000022,
      "stdDevMs": 34.66222182331093,
      "samples": 10
    },
    "rustSingleThread": {
      "durationMs": 175.95105,
      "throughputFilesPerSec": 21903.819272462424,
      "minMs": 175.6439,
      "maxMs": 176.7048,
      "meanMs": 176.04058,
      "stdDevMs": 0.36116608035639364,
      "samples": 10
    },
    "rustMultiThread": {
      "durationMs": 47.018299999999996,
      "throughputFilesPerSec": 81968.08476699499,
      "minMs": 46.2087,
      "maxMs": 52.8158,
      "meanMs": 48.24563,
      "stdDevMs": 2.272224789517974,
      "samples": 10
    },
    "speedup": {
      "singleThreadVsJs": 5.039745625274852,
      "multiThreadVsJs": 18.859646871537613
    }
  },
  "fmt": {
    "javascript": {
      "durationMs": 7721.895310499996,
      "throughputFilesPerSec": 499.1002655474297,
      "minMs": 7573.243494000053,
      "maxMs": 7864.89155499998,
      "meanMs": 7711.3817696999995,
      "stdDevMs": 90.21107020902306,
      "samples": 10
    },
    "rustSingleThread": {
      "durationMs": 315.54224999999997,
      "throughputFilesPerSec": 12213.895286605837,
      "minMs": 314.6312,
      "maxMs": 316.1609,
      "meanMs": 315.52941999999996,
      "stdDevMs": 0.4851042790988466,
      "samples": 10
    },
    "rustMultiThread": {
      "durationMs": 90.35655,
      "throughputFilesPerSec": 42653.24428610876,
      "minMs": 89.6349,
      "maxMs": 92.6425,
      "meanMs": 90.62796,
      "stdDevMs": 0.8481798054657983,
      "samples": 10
    },
    "speedup": {
      "singleThreadVsJs": 24.4718268647067,
      "multiThreadVsJs": 85.46027167371925
    }
  },
  "svelteCheck": {
    "javascript": {
      "durationMs": 1932.0268645,
      "throughputFilesPerSec": 258.7955732848455,
      "minMs": 1908.626905,
      "maxMs": 2002.717659,
      "meanMs": 1933.752647,
      "stdDevMs": 27.055927672867007,
      "samples": 10
    },
    "rustSingleThread": {
      "durationMs": 109.944118,
      "throughputFilesPerSec": 4547.764892706675,
      "minMs": 107.014353,
      "maxMs": 111.684495,
      "meanMs": 109.5829828,
      "stdDevMs": 1.4925907027782792,
      "samples": 10
    },
    "rustMultiThread": {
      "durationMs": 44.8157805,
      "throughputFilesPerSec": 11156.784383125938,
      "minMs": 42.130994,
      "maxMs": 46.611313,
      "meanMs": 44.79323229999999,
      "stdDevMs": 1.1020579301000513,
      "samples": 10
    },
    "speedup": {
      "singleThreadVsJs": 17.57280789227851,
      "multiThreadVsJs": 43.11041429926675
    },
    "filesCount": 500
  }
}
