{
  "generatedAt": "2026-05-30T00:04:15.554Z",
  "commitSha": "fec3d95a",
  "runner": {
    "label": "local",
    "os": "darwin",
    "arch": "arm64",
    "cpus": 10,
    "cpuModel": "Apple M1 Pro",
    "nodeVersion": "24.13.0",
    "v8Version": "13.6.233.17-node.37",
    "loadAvg1min": 1.73779296875,
    "warmupIterations": 1,
    "benchmarkIterations": 3
  },
  "testFilesCount": 3812,
  "javascript": {
    "durationMs": 941.444583,
    "throughputFilesPerSec": 4049.0965361473645,
    "minMs": 856.3650419999999,
    "maxMs": 961.5827079999999,
    "meanMs": 919.7974443333333,
    "stdDevMs": 45.60071833470983,
    "samples": 3
  },
  "rustSingleThread": {
    "durationMs": 407.2988,
    "throughputFilesPerSec": 9359.2222712171,
    "minMs": 404.6802,
    "maxMs": 408.0335,
    "meanMs": 406.67083333333335,
    "stdDevMs": 1.4391923251910725,
    "samples": 3
  },
  "rustMultiThread": {
    "durationMs": 55.0441,
    "throughputFilesPerSec": 69253.56214380832,
    "minMs": 53.9302,
    "maxMs": 58.1003,
    "meanMs": 55.69153333333333,
    "stdDevMs": 1.762916323091433,
    "samples": 3
  },
  "speedup": {
    "singleThreadVsJs": 2.3114347083762583,
    "multiThreadVsJs": 17.10346037086627
  },
  "parse": {
    "javascript": {
      "durationMs": 220.84400000001187,
      "throughputFilesPerSec": 17261.053051021514,
      "minMs": 218.1868330000143,
      "maxMs": 245.5561250000028,
      "meanMs": 228.19565266667632,
      "stdDevMs": 12.323544778015087,
      "samples": 3
    },
    "rustSingleThread": {
      "durationMs": 9.1863,
      "throughputFilesPerSec": 414965.764235873,
      "minMs": 9.1315,
      "maxMs": 9.2581,
      "meanMs": 9.191966666666668,
      "stdDevMs": 0.051839324412607406,
      "samples": 3
    },
    "rustMultiThread": {
      "durationMs": 1.5223,
      "throughputFilesPerSec": 2504105.6296393615,
      "minMs": 1.4935,
      "maxMs": 2.1989,
      "meanMs": 1.7382333333333335,
      "stdDevMs": 0.32595264823113324,
      "samples": 3
    },
    "speedup": {
      "singleThreadVsJs": 24.040582171278086,
      "multiThreadVsJs": 145.07258753203172
    }
  },
  "svelte2tsx": {
    "javascript": {
      "durationMs": 342.2046670000127,
      "throughputFilesPerSec": 11139.532471659302,
      "minMs": 335.9473750000179,
      "maxMs": 369.1167499999865,
      "meanMs": 349.08959733333904,
      "stdDevMs": 14.389893646658239,
      "samples": 3
    },
    "rustSingleThread": {
      "durationMs": 124.5595,
      "throughputFilesPerSec": 30603.847960211788,
      "minMs": 124.2971,
      "maxMs": 125.3033,
      "meanMs": 124.71996666666666,
      "stdDevMs": 0.42616254593236225,
      "samples": 3
    },
    "rustMultiThread": {
      "durationMs": 15.6321,
      "throughputFilesPerSec": 243857.1912922768,
      "minMs": 15.6305,
      "maxMs": 15.7155,
      "meanMs": 15.659366666666665,
      "stdDevMs": 0.03969763497013717,
      "samples": 3
    },
    "speedup": {
      "singleThreadVsJs": 2.74731888776057,
      "multiThreadVsJs": 21.891151348827908
    }
  },
  "svelteCheck": {
    "javascript": {
      "durationMs": 2052.480041,
      "throughputFilesPerSec": 243.60772821761148,
      "minMs": 2046.306333,
      "maxMs": 2053.05325,
      "meanMs": 2050.6132079999998,
      "stdDevMs": 3.054398068211203,
      "samples": 3
    },
    "rustSingleThread": {
      "durationMs": 48.491292,
      "throughputFilesPerSec": 10311.129676643797,
      "minMs": 48.302958,
      "maxMs": 48.679042,
      "meanMs": 48.49109733333333,
      "stdDevMs": 0.1535357117748928,
      "samples": 3
    },
    "rustMultiThread": {
      "durationMs": 14.2205,
      "throughputFilesPerSec": 35160.507717731445,
      "minMs": 14.207167,
      "maxMs": 15.181416,
      "meanMs": 14.536361,
      "stdDevMs": 0.4561552418428039,
      "samples": 3
    },
    "speedup": {
      "singleThreadVsJs": 42.326775722948355,
      "multiThreadVsJs": 144.3324806441405
    },
    "filesCount": 500
  }
}
