{
  "generatedAt": "2026-07-21T05:46:57.184Z",
  "commitSha": "3ff12d86",
  "runner": {
    "label": "local",
    "os": "darwin",
    "arch": "arm64",
    "cpus": 12,
    "cpuModel": "Apple M4 Pro",
    "nodeVersion": "24.13.1",
    "v8Version": "13.6.233.17-node.40",
    "loadAvg1min": 8.85546875,
    "warmupIterations": 3,
    "benchmarkIterations": 10
  },
  "testFilesCount": 3404,
  "excludedFilesCount": 453,
  "javascript": {
    "durationMs": 519.466958,
    "throughputFilesPerSec": 6552.871068269177,
    "minMs": 501.18283299999894,
    "maxMs": 537.2714590000005,
    "meanMs": 520.7112458999998,
    "stdDevMs": 11.161668998601568,
    "samples": 10
  },
  "rustSingleThread": {
    "durationMs": 187.57580000000002,
    "throughputFilesPerSec": 18147.330305934986,
    "minMs": 183.341,
    "maxMs": 192.6191,
    "meanMs": 187.89418000000003,
    "stdDevMs": 2.3917528964339083,
    "samples": 10
  },
  "rustMultiThread": {
    "durationMs": 25.4975,
    "throughputFilesPerSec": 133503.2846357486,
    "minMs": 22.8454,
    "maxMs": 28.0013,
    "meanMs": 25.468539999999997,
    "stdDevMs": 1.7495508756249418,
    "samples": 10
  },
  "speedup": {
    "singleThreadVsJs": 2.7693708783329187,
    "multiThreadVsJs": 20.373250632414944
  },
  "compileServer": {
    "javascript": {
      "durationMs": 451.4796464999963,
      "throughputFilesPerSec": 7539.653285344786,
      "minMs": 435.7402910000237,
      "maxMs": 476.5809579999768,
      "meanMs": 454.6450165999995,
      "stdDevMs": 12.762792061076656,
      "samples": 10
    },
    "rustSingleThread": {
      "durationMs": 106.34955,
      "throughputFilesPerSec": 32007.657766299908,
      "minMs": 104.6939,
      "maxMs": 110.6898,
      "meanMs": 106.80933,
      "stdDevMs": 1.8777126702720004,
      "samples": 10
    },
    "rustMultiThread": {
      "durationMs": 15.68385,
      "throughputFilesPerSec": 217038.54602026925,
      "minMs": 12.2545,
      "maxMs": 20.5412,
      "meanMs": 15.72918,
      "stdDevMs": 2.0133050940182913,
      "samples": 10
    },
    "speedup": {
      "singleThreadVsJs": 4.245242659700923,
      "multiThreadVsJs": 28.7862767432739
    }
  },
  "parse": {
    "javascript": {
      "durationMs": 127.19093800001428,
      "throughputFilesPerSec": 26762.912936451634,
      "minMs": 124.21387499998673,
      "maxMs": 131.91250000000582,
      "meanMs": 127.41601690000098,
      "stdDevMs": 2.276785015406243,
      "samples": 10
    },
    "rustSingleThread": {
      "durationMs": 7.3193,
      "throughputFilesPerSec": 465071.79648327024,
      "minMs": 7.1835,
      "maxMs": 7.7232,
      "meanMs": 7.36101,
      "stdDevMs": 0.165255132749334,
      "samples": 10
    },
    "rustMultiThread": {
      "durationMs": 1.68015,
      "throughputFilesPerSec": 2026009.582477755,
      "minMs": 1.1427,
      "maxMs": 2.2692,
      "meanMs": 1.6860399999999998,
      "stdDevMs": 0.44918575266809163,
      "samples": 10
    },
    "speedup": {
      "singleThreadVsJs": 17.377472982390977,
      "multiThreadVsJs": 75.7021325476977
    }
  },
  "svelte2tsx": {
    "javascript": {
      "durationMs": 205.95412500000384,
      "throughputFilesPerSec": 16527.952523407515,
      "minMs": 197.5508339999942,
      "maxMs": 216.86220899998443,
      "meanMs": 205.7168168000033,
      "stdDevMs": 5.422078795224126,
      "samples": 10
    },
    "rustSingleThread": {
      "durationMs": 76.28710000000001,
      "throughputFilesPerSec": 44620.912316761285,
      "minMs": 74.854,
      "maxMs": 79.187,
      "meanMs": 76.65491,
      "stdDevMs": 1.1355687759444595,
      "samples": 10
    },
    "rustMultiThread": {
      "durationMs": 11.3936,
      "throughputFilesPerSec": 298764.2185086364,
      "minMs": 10.1989,
      "maxMs": 12.4134,
      "meanMs": 11.33311,
      "stdDevMs": 0.7507079771122721,
      "samples": 10
    },
    "speedup": {
      "singleThreadVsJs": 2.6997241342245784,
      "multiThreadVsJs": 18.076299413706277
    }
  },
  "fmt": {
    "javascript": {
      "durationMs": 2320.6026459999994,
      "throughputFilesPerSec": 1466.8603458965463,
      "minMs": 2290.886125000019,
      "maxMs": 2476.1435420000053,
      "meanMs": 2344.212362500001,
      "stdDevMs": 59.25182459553104,
      "samples": 10
    },
    "rustSingleThread": {
      "durationMs": 99.5355,
      "throughputFilesPerSec": 34198.85367532187,
      "minMs": 97.8366,
      "maxMs": 117.7661,
      "meanMs": 101.50243999999999,
      "stdDevMs": 5.720205433234018,
      "samples": 10
    },
    "rustMultiThread": {
      "durationMs": 22.96535,
      "throughputFilesPerSec": 148223.30162614546,
      "minMs": 18.606,
      "maxMs": 27.9282,
      "meanMs": 22.722820000000002,
      "stdDevMs": 2.5635450789092826,
      "samples": 10
    },
    "speedup": {
      "singleThreadVsJs": 23.314321483289877,
      "multiThreadVsJs": 101.04799822341046
    }
  },
  "svelteCheck": {
    "javascript": {
      "durationMs": 828.542875,
      "throughputFilesPerSec": 603.4690721346195,
      "minMs": 807.84025,
      "maxMs": 871.941417,
      "meanMs": 830.4768210000002,
      "stdDevMs": 16.998108248673898,
      "samples": 10
    },
    "rustSingleThread": {
      "durationMs": 44.7261875,
      "throughputFilesPerSec": 11179.133030285668,
      "minMs": 42.171,
      "maxMs": 47.749959,
      "meanMs": 44.864050000000006,
      "stdDevMs": 1.8925769242468848,
      "samples": 10
    },
    "rustMultiThread": {
      "durationMs": 14.664521,
      "throughputFilesPerSec": 34095.897165683076,
      "minMs": 14.071,
      "maxMs": 16.711917,
      "meanMs": 14.811766799999997,
      "stdDevMs": 0.7247779320696512,
      "samples": 10
    },
    "speedup": {
      "singleThreadVsJs": 18.524782041840698,
      "multiThreadVsJs": 56.49982532671881
    },
    "filesCount": 500
  }
}
