{
  "generatedAt": "2026-06-26T02:07:16.599Z",
  "commitSha": "87690a3f",
  "runner": {
    "label": "local (Apple M1 Pro, 10-core)",
    "os": "darwin",
    "arch": "arm64",
    "cpus": 10,
    "cpuModel": "Apple M1 Pro",
    "nodeVersion": "24.13.0",
    "v8Version": "13.6.233.17-node.37",
    "loadAvg1min": 5.2568359375,
    "warmupIterations": 3,
    "benchmarkIterations": 10
  },
  "testFilesCount": 3854,
  "javascript": {
    "durationMs": 990.9423955000011,
    "throughputFilesPerSec": 3889.227080707736,
    "minMs": 967.6184169999997,
    "maxMs": 1038.6429590000007,
    "meanMs": 992.6083959000003,
    "stdDevMs": 20.74009466058303,
    "samples": 10
  },
  "rustSingleThread": {
    "durationMs": 564.4117,
    "throughputFilesPerSec": 6828.348880790388,
    "minMs": 558.0076,
    "maxMs": 572.0982,
    "meanMs": 565.81115,
    "stdDevMs": 4.4005341267282505,
    "samples": 10
  },
  "rustMultiThread": {
    "durationMs": 74.7187,
    "throughputFilesPerSec": 51580.1265278973,
    "minMs": 71.5534,
    "maxMs": 79.3418,
    "meanMs": 74.72769000000001,
    "stdDevMs": 2.1536660003120285,
    "samples": 10
  },
  "speedup": {
    "singleThreadVsJs": 1.755708458028069,
    "multiThreadVsJs": 13.262307769005632
  },
  "compileServer": {
    "javascript": {
      "durationMs": 832.8290629999974,
      "throughputFilesPerSec": 4627.600273839162,
      "minMs": 819.3624589999963,
      "maxMs": 855.4283749999886,
      "meanMs": 833.5985084999993,
      "stdDevMs": 8.838769992828896,
      "samples": 10
    },
    "rustSingleThread": {
      "durationMs": 422.6202,
      "throughputFilesPerSec": 9119.299077516882,
      "minMs": 415.4488,
      "maxMs": 426.4016,
      "meanMs": 422.1026800000001,
      "stdDevMs": 2.963231015226447,
      "samples": 10
    },
    "rustMultiThread": {
      "durationMs": 57.284800000000004,
      "throughputFilesPerSec": 67277.88174175347,
      "minMs": 54.3307,
      "maxMs": 61.877,
      "meanMs": 57.53119,
      "stdDevMs": 2.348595971830831,
      "samples": 10
    },
    "speedup": {
      "singleThreadVsJs": 1.9706324094304943,
      "multiThreadVsJs": 14.538395228751734
    }
  },
  "parse": {
    "javascript": {
      "durationMs": 246.581646000006,
      "throughputFilesPerSec": 15629.711547954814,
      "minMs": 239.54008299999987,
      "maxMs": 255.76604200000293,
      "meanMs": 246.55282930000104,
      "stdDevMs": 4.424279113549577,
      "samples": 10
    },
    "rustSingleThread": {
      "durationMs": 11.87345,
      "throughputFilesPerSec": 324589.7359234258,
      "minMs": 10.1355,
      "maxMs": 12.3264,
      "meanMs": 11.65183,
      "stdDevMs": 0.6541600722300314,
      "samples": 10
    },
    "rustMultiThread": {
      "durationMs": 2.18605,
      "throughputFilesPerSec": 1762997.1867066172,
      "minMs": 1.8711,
      "maxMs": 3.209,
      "meanMs": 2.22747,
      "stdDevMs": 0.3501806792214556,
      "samples": 10
    },
    "speedup": {
      "singleThreadVsJs": 20.76748089224328,
      "multiThreadVsJs": 112.79780700350221
    }
  },
  "svelte2tsx": {
    "javascript": {
      "durationMs": 389.15902050001023,
      "throughputFilesPerSec": 9903.406568986107,
      "minMs": 387.0895829999936,
      "maxMs": 417.490959000017,
      "meanMs": 394.72063330000674,
      "stdDevMs": 9.712730621619466,
      "samples": 10
    },
    "rustSingleThread": {
      "durationMs": 171.55435,
      "throughputFilesPerSec": 22465.18377412173,
      "minMs": 156.7155,
      "maxMs": 173.8665,
      "meanMs": 170.27559000000002,
      "stdDevMs": 4.868267306434603,
      "samples": 10
    },
    "rustMultiThread": {
      "durationMs": 21.85595,
      "throughputFilesPerSec": 176336.42097460874,
      "minMs": 19.1585,
      "maxMs": 23.7282,
      "meanMs": 21.48954,
      "stdDevMs": 1.506670599832624,
      "samples": 10
    },
    "speedup": {
      "singleThreadVsJs": 2.2684299203139426,
      "multiThreadVsJs": 17.805632813948158
    }
  },
  "fmt": {
    "javascript": {
      "durationMs": 4316.668937500013,
      "throughputFilesPerSec": 892.818063141074,
      "minMs": 4289.5497909999685,
      "maxMs": 4356.63370799995,
      "meanMs": 4321.019320799998,
      "stdDevMs": 25.187517944306666,
      "samples": 10
    },
    "rustSingleThread": {
      "durationMs": 233.04535,
      "throughputFilesPerSec": 16537.553742222277,
      "minMs": 230.0972,
      "maxMs": 234.6696,
      "meanMs": 232.82498999999999,
      "stdDevMs": 1.3087316588590692,
      "samples": 10
    },
    "rustMultiThread": {
      "durationMs": 37.812799999999996,
      "throughputFilesPerSec": 101923.15829560361,
      "minMs": 36.4387,
      "maxMs": 39.252,
      "meanMs": 37.69226999999999,
      "stdDevMs": 0.9096137532491468,
      "samples": 10
    },
    "speedup": {
      "singleThreadVsJs": 18.522870924049815,
      "multiThreadVsJs": 114.1589339456484
    }
  },
  "svelteCheck": {
    "javascript": {
      "durationMs": 1334.9997295,
      "throughputFilesPerSec": 374.53191109429355,
      "minMs": 1309.819708,
      "maxMs": 1345.89025,
      "meanMs": 1332.9694792,
      "stdDevMs": 9.294839814427325,
      "samples": 10
    },
    "rustSingleThread": {
      "durationMs": 76.2144165,
      "throughputFilesPerSec": 6560.438601534134,
      "minMs": 73.433167,
      "maxMs": 77.192125,
      "meanMs": 75.8512875,
      "stdDevMs": 1.0693524755836379,
      "samples": 10
    },
    "rustMultiThread": {
      "durationMs": 18.7146255,
      "throughputFilesPerSec": 26717.072163693578,
      "minMs": 17.868583,
      "maxMs": 18.945875,
      "meanMs": 18.566200000000002,
      "stdDevMs": 0.31427379666399147,
      "samples": 10
    },
    "speedup": {
      "singleThreadVsJs": 17.516367516898853,
      "multiThreadVsJs": 71.33456822312581
    },
    "filesCount": 500
  }
}
