{
  "generatedAt": "2026-06-25T13:10:40.303Z",
  "commitSha": "ee8c5dec",
  "runner": {
    "label": "local (Apple M1 Pro, 10-core)",
    "os": "darwin",
    "arch": "arm64",
    "cpus": 10,
    "cpuModel": "Apple M1 Pro",
    "nodeVersion": "24.13.0",
    "v8Version": "13.6.233.17-node.37",
    "loadAvg1min": 4.03515625,
    "warmupIterations": 3,
    "benchmarkIterations": 10
  },
  "testFilesCount": 3854,
  "javascript": {
    "durationMs": 995.2556244999996,
    "throughputFilesPerSec": 3872.3719867809714,
    "minMs": 951.8114999999998,
    "maxMs": 1038.440208,
    "meanMs": 990.7418333000002,
    "stdDevMs": 25.508078621950908,
    "samples": 10
  },
  "rustSingleThread": {
    "durationMs": 568.8621,
    "throughputFilesPerSec": 6774.928405320023,
    "minMs": 562.6126,
    "maxMs": 573.295,
    "meanMs": 568.8446499999999,
    "stdDevMs": 3.2396409196853817,
    "samples": 10
  },
  "rustMultiThread": {
    "durationMs": 74.67564999999999,
    "throughputFilesPerSec": 51609.862117035475,
    "minMs": 73.5743,
    "maxMs": 87.5836,
    "meanMs": 76.82827,
    "stdDevMs": 4.151457341717485,
    "samples": 10
  },
  "speedup": {
    "singleThreadVsJs": 1.749555163720697,
    "multiThreadVsJs": 13.327712909094192
  },
  "parse": {
    "javascript": {
      "durationMs": 250.4546044999879,
      "throughputFilesPerSec": 15388.018150810982,
      "minMs": 246.1256669999857,
      "maxMs": 269.51866700002574,
      "meanMs": 251.8798376999999,
      "stdDevMs": 6.238722217847398,
      "samples": 10
    },
    "rustSingleThread": {
      "durationMs": 12.03095,
      "throughputFilesPerSec": 320340.4552425203,
      "minMs": 10.9555,
      "maxMs": 12.5054,
      "meanMs": 11.85614,
      "stdDevMs": 0.4267427520181216,
      "samples": 10
    },
    "rustMultiThread": {
      "durationMs": 2.2102500000000003,
      "throughputFilesPerSec": 1743694.152245221,
      "minMs": 1.9693,
      "maxMs": 2.9708,
      "meanMs": 2.37299,
      "stdDevMs": 0.30951985219045325,
      "samples": 10
    },
    "speedup": {
      "singleThreadVsJs": 20.8175251746527,
      "multiThreadVsJs": 113.31505689401104
    }
  },
  "svelte2tsx": {
    "javascript": {
      "durationMs": 393.43445850000717,
      "throughputFilesPerSec": 9795.786608762257,
      "minMs": 376.7658329999831,
      "maxMs": 406.8221659999981,
      "meanMs": 392.7508415999997,
      "stdDevMs": 7.944115384562037,
      "samples": 10
    },
    "rustSingleThread": {
      "durationMs": 173.9991,
      "throughputFilesPerSec": 22149.539853941777,
      "minMs": 168.7422,
      "maxMs": 175.6175,
      "meanMs": 173.35597,
      "stdDevMs": 2.1095067158224468,
      "samples": 10
    },
    "rustMultiThread": {
      "durationMs": 22.69545,
      "throughputFilesPerSec": 169813.77324529804,
      "minMs": 21.8462,
      "maxMs": 25.06,
      "meanMs": 22.83607,
      "stdDevMs": 0.9253331638388409,
      "samples": 10
    },
    "speedup": {
      "singleThreadVsJs": 2.261129273082488,
      "multiThreadVsJs": 17.335389185938464
    }
  },
  "fmt": {
    "javascript": {
      "durationMs": 4307.749791499984,
      "throughputFilesPerSec": 894.6666325896366,
      "minMs": 4025.9000410000444,
      "maxMs": 4797.869917000004,
      "meanMs": 4324.099604000012,
      "stdDevMs": 179.1835763429499,
      "samples": 10
    },
    "rustSingleThread": {
      "durationMs": 232.88675,
      "throughputFilesPerSec": 16548.816109117415,
      "minMs": 220.4381,
      "maxMs": 233.7497,
      "meanMs": 230.83429,
      "stdDevMs": 4.065127159007455,
      "samples": 10
    },
    "rustMultiThread": {
      "durationMs": 38.3667,
      "throughputFilesPerSec": 100451.69378653885,
      "minMs": 37.0844,
      "maxMs": 40.4962,
      "meanMs": 38.582100000000004,
      "stdDevMs": 1.2188694286099728,
      "samples": 10
    },
    "speedup": {
      "singleThreadVsJs": 18.497187115625874,
      "multiThreadVsJs": 112.27835053575063
    }
  },
  "svelteCheck": {
    "javascript": {
      "durationMs": 1320.9277710000001,
      "throughputFilesPerSec": 378.52183213733036,
      "minMs": 1298.468208,
      "maxMs": 1335.343166,
      "meanMs": 1318.8918749000002,
      "stdDevMs": 11.719100523258458,
      "samples": 10
    },
    "rustSingleThread": {
      "durationMs": 72.2611665,
      "throughputFilesPerSec": 6919.345814878313,
      "minMs": 67.836083,
      "maxMs": 76.060625,
      "meanMs": 72.5734583,
      "stdDevMs": 2.5939010763926986,
      "samples": 10
    },
    "rustMultiThread": {
      "durationMs": 19.8421875,
      "throughputFilesPerSec": 25198.834553901877,
      "minMs": 18.514625,
      "maxMs": 20.159041,
      "meanMs": 19.6462749,
      "stdDevMs": 0.5494378816871752,
      "samples": 10
    },
    "speedup": {
      "singleThreadVsJs": 18.27991208805078,
      "multiThreadVsJs": 66.57168071816679
    },
    "filesCount": 500
  }
}
