{
  "generatedAt": "2026-06-25T06:44:01.813Z",
  "commitSha": "9c34d7d",
  "runner": {
    "label": "ubuntu-24.04-arm (GitHub-hosted, ARM64)",
    "os": "linux",
    "arch": "arm64",
    "cpus": 4,
    "cpuModel": "unknown",
    "nodeVersion": "24.16.0",
    "v8Version": "13.6.233.17-node.49",
    "loadAvg1min": 1.11,
    "warmupIterations": 3,
    "benchmarkIterations": 10
  },
  "testFilesCount": 3854,
  "javascript": {
    "durationMs": 1843.2754330000025,
    "throughputFilesPerSec": 2090.843251638994,
    "minMs": 1818.7798960000218,
    "maxMs": 1961.4478259999887,
    "meanMs": 1859.2217186999974,
    "stdDevMs": 38.487288174204394,
    "samples": 10
  },
  "rustSingleThread": {
    "durationMs": 725.66075,
    "throughputFilesPerSec": 5311.021713658896,
    "minMs": 723.9642,
    "maxMs": 726.2588,
    "meanMs": 725.35381,
    "stdDevMs": 0.7273356604072135,
    "samples": 10
  },
  "rustMultiThread": {
    "durationMs": 201.1117,
    "throughputFilesPerSec": 19163.479797545344,
    "minMs": 196.4414,
    "maxMs": 206.9231,
    "meanMs": 201.39678999999998,
    "stdDevMs": 3.0746838944678556,
    "samples": 10
  },
  "speedup": {
    "singleThreadVsJs": 2.5401338476691793,
    "multiThreadVsJs": 9.165431116140942
  },
  "parse": {
    "javascript": {
      "durationMs": 363.1675600000308,
      "throughputFilesPerSec": 10612.181330291927,
      "minMs": 359.21757599996636,
      "maxMs": 425.0529139999999,
      "meanMs": 369.4857082000002,
      "stdDevMs": 18.819793266249626,
      "samples": 10
    },
    "rustSingleThread": {
      "durationMs": 13.18655,
      "throughputFilesPerSec": 292267.4998388509,
      "minMs": 13.143,
      "maxMs": 13.2599,
      "meanMs": 13.188119999999998,
      "stdDevMs": 0.03339154982926059,
      "samples": 10
    },
    "rustMultiThread": {
      "durationMs": 3.5022,
      "throughputFilesPerSec": 1100451.1449945748,
      "minMs": 3.4301,
      "maxMs": 4.1579,
      "meanMs": 3.5789,
      "stdDevMs": 0.20490742299877762,
      "samples": 10
    },
    "speedup": {
      "singleThreadVsJs": 27.540756300930173,
      "multiThreadVsJs": 103.69697904175398
    }
  },
  "svelte2tsx": {
    "javascript": {
      "durationMs": 847.1410759999999,
      "throughputFilesPerSec": 4549.41934606415,
      "minMs": 820.0298379999585,
      "maxMs": 890.3605939999688,
      "meanMs": 851.8099008999998,
      "stdDevMs": 22.43913096465904,
      "samples": 10
    },
    "rustSingleThread": {
      "durationMs": 183.94,
      "throughputFilesPerSec": 20952.484505817116,
      "minMs": 183.1433,
      "maxMs": 184.818,
      "meanMs": 183.88827,
      "stdDevMs": 0.6007288940112687,
      "samples": 10
    },
    "rustMultiThread": {
      "durationMs": 57.341750000000005,
      "throughputFilesPerSec": 67211.0634921327,
      "minMs": 51.1143,
      "maxMs": 74.5903,
      "meanMs": 59.96708000000001,
      "stdDevMs": 6.538683114022271,
      "samples": 10
    },
    "speedup": {
      "singleThreadVsJs": 4.605529390018484,
      "multiThreadVsJs": 14.77354765070825
    }
  },
  "fmt": {
    "javascript": {
      "durationMs": 7652.090660999966,
      "throughputFilesPerSec": 503.653206782101,
      "minMs": 7527.101521000033,
      "maxMs": 7783.615754000028,
      "meanMs": 7651.096372800001,
      "stdDevMs": 74.5320764046201,
      "samples": 10
    },
    "rustSingleThread": {
      "durationMs": 318.87375,
      "throughputFilesPerSec": 12086.288068553777,
      "minMs": 317.6014,
      "maxMs": 320.7169,
      "meanMs": 318.75504,
      "stdDevMs": 0.8663101444632818,
      "samples": 10
    },
    "rustMultiThread": {
      "durationMs": 90.57255,
      "throughputFilesPerSec": 42551.523612838544,
      "minMs": 89.5816,
      "maxMs": 93.9831,
      "meanMs": 90.94653999999998,
      "stdDevMs": 1.2452874641623901,
      "samples": 10
    },
    "speedup": {
      "singleThreadVsJs": 23.997242360024824,
      "multiThreadVsJs": 84.48575932774295
    }
  },
  "svelteCheck": {
    "javascript": {
      "durationMs": 3959.743367,
      "throughputFilesPerSec": 126.27080940824013,
      "minMs": 3913.309732,
      "maxMs": 3984.494419,
      "meanMs": 3956.1343878,
      "stdDevMs": 20.504570349224025,
      "samples": 10
    },
    "rustSingleThread": {
      "durationMs": 2492.204979,
      "throughputFilesPerSec": 200.62555215687976,
      "minMs": 2416.897164,
      "maxMs": 2531.592309,
      "meanMs": 2486.6184269,
      "stdDevMs": 35.74489406231073,
      "samples": 10
    },
    "rustMultiThread": {
      "durationMs": 2427.193958,
      "throughputFilesPerSec": 205.99919439977447,
      "minMs": 2396.863653,
      "maxMs": 2451.156085,
      "meanMs": 2425.4181108000002,
      "stdDevMs": 20.746950826131872,
      "samples": 10
    },
    "speedup": {
      "singleThreadVsJs": 1.5888513988078345,
      "multiThreadVsJs": 1.631407887263701
    },
    "filesCount": 500
  }
}
