{
  "generatedAt": "2026-06-25T09:56:18.132Z",
  "commitSha": "12eb909",
  "runner": {
    "label": "ubuntu-24.04-arm (GitHub-hosted, ARM64)",
    "os": "linux",
    "arch": "arm64",
    "cpus": 4,
    "cpuModel": "unknown",
    "nodeVersion": "24.17.0",
    "v8Version": "13.6.233.17-node.49",
    "loadAvg1min": 1.11,
    "warmupIterations": 3,
    "benchmarkIterations": 10
  },
  "testFilesCount": 3854,
  "javascript": {
    "durationMs": 1902.216224999982,
    "throughputFilesPerSec": 2026.0577895134065,
    "minMs": 1815.3195740000228,
    "maxMs": 2019.4303340000042,
    "meanMs": 1907.4752988999971,
    "stdDevMs": 49.65632910116152,
    "samples": 10
  },
  "rustSingleThread": {
    "durationMs": 755.6119000000001,
    "throughputFilesPerSec": 5100.501990505972,
    "minMs": 752.9819,
    "maxMs": 758.7038,
    "meanMs": 755.42428,
    "stdDevMs": 1.6245237448557024,
    "samples": 10
  },
  "rustMultiThread": {
    "durationMs": 207.9745,
    "throughputFilesPerSec": 18531.117997639132,
    "minMs": 199.7825,
    "maxMs": 275.1261,
    "meanMs": 217.37855,
    "stdDevMs": 21.977666127924053,
    "samples": 10
  },
  "speedup": {
    "singleThreadVsJs": 2.517451386088522,
    "multiThreadVsJs": 9.1463916249347
  },
  "parse": {
    "javascript": {
      "durationMs": 367.46815349999815,
      "throughputFilesPerSec": 10487.983688632814,
      "minMs": 363.08190000004834,
      "maxMs": 420.4836490000016,
      "meanMs": 372.82941889999785,
      "stdDevMs": 16.184559060371093,
      "samples": 10
    },
    "rustSingleThread": {
      "durationMs": 13.236550000000001,
      "throughputFilesPerSec": 291163.4829317307,
      "minMs": 13.1279,
      "maxMs": 13.3571,
      "meanMs": 13.24124,
      "stdDevMs": 0.05627019104286045,
      "samples": 10
    },
    "rustMultiThread": {
      "durationMs": 3.7511,
      "throughputFilesPerSec": 1027431.9532937005,
      "minMs": 3.5134,
      "maxMs": 4.1869,
      "meanMs": 3.7749099999999998,
      "stdDevMs": 0.23143792450676695,
      "samples": 10
    },
    "speedup": {
      "singleThreadVsJs": 27.761626216801062,
      "multiThreadVsJs": 97.96277185358912
    }
  },
  "svelte2tsx": {
    "javascript": {
      "durationMs": 885.8532065000036,
      "throughputFilesPerSec": 4350.607946916072,
      "minMs": 852.9470530000399,
      "maxMs": 927.4626939999871,
      "meanMs": 889.6941206000047,
      "stdDevMs": 20.651139501072503,
      "samples": 10
    },
    "rustSingleThread": {
      "durationMs": 184.08155,
      "throughputFilesPerSec": 20936.373036841553,
      "minMs": 183.7479,
      "maxMs": 184.917,
      "meanMs": 184.24606,
      "stdDevMs": 0.44732651654021355,
      "samples": 10
    },
    "rustMultiThread": {
      "durationMs": 51.34525,
      "throughputFilesPerSec": 75060.49731961574,
      "minMs": 48.4154,
      "maxMs": 58.5753,
      "meanMs": 52.42233,
      "stdDevMs": 3.8019359721199937,
      "samples": 10
    },
    "speedup": {
      "singleThreadVsJs": 4.812286763665362,
      "multiThreadVsJs": 17.25287551428815
    }
  },
  "fmt": {
    "javascript": {
      "durationMs": 7768.039714500017,
      "throughputFilesPerSec": 496.13546552884213,
      "minMs": 7590.705427000008,
      "maxMs": 7942.577622000012,
      "meanMs": 7739.50204160001,
      "stdDevMs": 109.49060170637802,
      "samples": 10
    },
    "rustSingleThread": {
      "durationMs": 317.3185,
      "throughputFilesPerSec": 12145.52570997279,
      "minMs": 316.7969,
      "maxMs": 318.1245,
      "meanMs": 317.36923999999993,
      "stdDevMs": 0.4664367228252927,
      "samples": 10
    },
    "rustMultiThread": {
      "durationMs": 119.65525,
      "throughputFilesPerSec": 32209.201017088682,
      "minMs": 112.2285,
      "maxMs": 130.0879,
      "meanMs": 120.10243,
      "stdDevMs": 5.05656378285689,
      "samples": 10
    },
    "speedup": {
      "singleThreadVsJs": 24.48026104529051,
      "multiThreadVsJs": 64.92017453893597
    }
  },
  "svelteCheck": {
    "javascript": {
      "durationMs": 1920.1077664999998,
      "throughputFilesPerSec": 260.4020507200006,
      "minMs": 1868.468545,
      "maxMs": 1944.934172,
      "meanMs": 1916.4631879,
      "stdDevMs": 19.13860501313716,
      "samples": 10
    },
    "rustSingleThread": {
      "durationMs": 110.041698,
      "throughputFilesPerSec": 4543.732140520042,
      "minMs": 106.138168,
      "maxMs": 111.898743,
      "meanMs": 109.8212915,
      "stdDevMs": 1.7581985746726263,
      "samples": 10
    },
    "rustMultiThread": {
      "durationMs": 37.0841025,
      "throughputFilesPerSec": 13482.866411557352,
      "minMs": 35.483385,
      "maxMs": 39.357986,
      "meanMs": 37.217916800000005,
      "stdDevMs": 1.1968805549429564,
      "samples": 10
    },
    "speedup": {
      "singleThreadVsJs": 17.448910743816402,
      "multiThreadVsJs": 51.77711302302651
    },
    "filesCount": 500
  }
}
