// @generated by tools/fixtures/bin/string-width.ts from Prettier's `getStringWidth`; do not edit.

/// `(first, last, width)` for every run of code points whose width alone is not 1, sorted.
pub(super) static WIDTHS: [(u32, u32, u8); 130] = [
    (0x0, 0x1F, 0),
    (0x7F, 0x9F, 0),
    (0x300, 0x36F, 0),
    (0x1100, 0x115F, 2),
    (0x231A, 0x231B, 2),
    (0x2329, 0x232A, 2),
    (0x23E9, 0x23EC, 2),
    (0x23F0, 0x23F0, 2),
    (0x23F3, 0x23F3, 2),
    (0x25FD, 0x25FE, 2),
    (0x2614, 0x2615, 2),
    (0x261D, 0x261D, 2),
    (0x2630, 0x2637, 2),
    (0x2648, 0x2653, 2),
    (0x267F, 0x267F, 2),
    (0x268A, 0x268F, 2),
    (0x2693, 0x2693, 2),
    (0x26A1, 0x26A1, 2),
    (0x26AA, 0x26AB, 2),
    (0x26BD, 0x26BE, 2),
    (0x26C4, 0x26C5, 2),
    (0x26CE, 0x26CE, 2),
    (0x26D4, 0x26D4, 2),
    (0x26EA, 0x26EA, 2),
    (0x26F2, 0x26F3, 2),
    (0x26F5, 0x26F5, 2),
    (0x26F9, 0x26FA, 2),
    (0x26FD, 0x26FD, 2),
    (0x2705, 0x2705, 2),
    (0x270A, 0x270D, 2),
    (0x2728, 0x2728, 2),
    (0x274C, 0x274C, 2),
    (0x274E, 0x274E, 2),
    (0x2753, 0x2755, 2),
    (0x2757, 0x2757, 2),
    (0x2795, 0x2797, 2),
    (0x27B0, 0x27B0, 2),
    (0x27BF, 0x27BF, 2),
    (0x2B1B, 0x2B1C, 2),
    (0x2B50, 0x2B50, 2),
    (0x2B55, 0x2B55, 2),
    (0x2E80, 0x2E99, 2),
    (0x2E9B, 0x2EF3, 2),
    (0x2F00, 0x2FD5, 2),
    (0x2FF0, 0x303E, 2),
    (0x3041, 0x3096, 2),
    (0x3099, 0x30FF, 2),
    (0x3105, 0x312F, 2),
    (0x3131, 0x318E, 2),
    (0x3190, 0x31E5, 2),
    (0x31EF, 0x321E, 2),
    (0x3220, 0x3247, 2),
    (0x3250, 0xA48C, 2),
    (0xA490, 0xA4C6, 2),
    (0xA960, 0xA97C, 2),
    (0xAC00, 0xD7A3, 2),
    (0xF900, 0xFAFF, 2),
    (0xFE00, 0xFE0F, 0),
    (0xFE10, 0xFE19, 2),
    (0xFE30, 0xFE52, 2),
    (0xFE54, 0xFE66, 2),
    (0xFE68, 0xFE6B, 2),
    (0xFF01, 0xFF60, 2),
    (0xFFE0, 0xFFE6, 2),
    (0x16FE0, 0x16FE4, 2),
    (0x16FF0, 0x16FF6, 2),
    (0x17000, 0x18CD5, 2),
    (0x18CFF, 0x18D1E, 2),
    (0x18D80, 0x18DF2, 2),
    (0x1AFF0, 0x1AFF3, 2),
    (0x1AFF5, 0x1AFFB, 2),
    (0x1AFFD, 0x1AFFE, 2),
    (0x1B000, 0x1B122, 2),
    (0x1B132, 0x1B132, 2),
    (0x1B150, 0x1B152, 2),
    (0x1B155, 0x1B155, 2),
    (0x1B164, 0x1B167, 2),
    (0x1B170, 0x1B2FB, 2),
    (0x1D300, 0x1D356, 2),
    (0x1D360, 0x1D376, 2),
    (0x1F004, 0x1F004, 2),
    (0x1F0CF, 0x1F0CF, 2),
    (0x1F18E, 0x1F18E, 2),
    (0x1F191, 0x1F19A, 2),
    (0x1F200, 0x1F202, 2),
    (0x1F210, 0x1F23B, 2),
    (0x1F240, 0x1F248, 2),
    (0x1F250, 0x1F251, 2),
    (0x1F260, 0x1F265, 2),
    (0x1F300, 0x1F320, 2),
    (0x1F32D, 0x1F335, 2),
    (0x1F337, 0x1F37C, 2),
    (0x1F37E, 0x1F393, 2),
    (0x1F3A0, 0x1F3CC, 2),
    (0x1F3CF, 0x1F3D3, 2),
    (0x1F3E0, 0x1F3F0, 2),
    (0x1F3F4, 0x1F3F4, 2),
    (0x1F3F8, 0x1F43E, 2),
    (0x1F440, 0x1F440, 2),
    (0x1F442, 0x1F4FC, 2),
    (0x1F4FF, 0x1F53D, 2),
    (0x1F54B, 0x1F54E, 2),
    (0x1F550, 0x1F567, 2),
    (0x1F574, 0x1F575, 2),
    (0x1F57A, 0x1F57A, 2),
    (0x1F590, 0x1F590, 2),
    (0x1F595, 0x1F596, 2),
    (0x1F5A4, 0x1F5A4, 2),
    (0x1F5FB, 0x1F64F, 2),
    (0x1F680, 0x1F6C5, 2),
    (0x1F6CC, 0x1F6CC, 2),
    (0x1F6D0, 0x1F6D2, 2),
    (0x1F6D5, 0x1F6D8, 2),
    (0x1F6DC, 0x1F6DF, 2),
    (0x1F6EB, 0x1F6EC, 2),
    (0x1F6F4, 0x1F6FC, 2),
    (0x1F7E0, 0x1F7EB, 2),
    (0x1F7F0, 0x1F7F0, 2),
    (0x1F90C, 0x1F93A, 2),
    (0x1F93C, 0x1F945, 2),
    (0x1F947, 0x1F9FF, 2),
    (0x1FA70, 0x1FA7C, 2),
    (0x1FA80, 0x1FA8A, 2),
    (0x1FA8E, 0x1FAC6, 2),
    (0x1FAC8, 0x1FAC8, 2),
    (0x1FACD, 0x1FADC, 2),
    (0x1FADF, 0x1FAEA, 2),
    (0x1FAEF, 0x1FAF8, 2),
    (0x20000, 0x2FFFD, 2),
    (0x30000, 0x3FFFD, 2),
];

/// `(first, last)` for every run of code points Prettier's emoji regex matches alone, sorted.
pub(super) static EMOJI: [(u32, u32); 147] = [
    (0xA9, 0xA9),
    (0xAE, 0xAE),
    (0x203C, 0x203C),
    (0x2049, 0x2049),
    (0x2122, 0x2122),
    (0x2139, 0x2139),
    (0x2194, 0x2199),
    (0x21A9, 0x21AA),
    (0x231A, 0x231B),
    (0x2328, 0x2328),
    (0x23CF, 0x23CF),
    (0x23E9, 0x23F3),
    (0x23F8, 0x23FA),
    (0x24C2, 0x24C2),
    (0x25AA, 0x25AB),
    (0x25B6, 0x25B6),
    (0x25C0, 0x25C0),
    (0x25FB, 0x25FE),
    (0x2600, 0x2604),
    (0x260E, 0x260E),
    (0x2611, 0x2611),
    (0x2614, 0x2615),
    (0x2618, 0x2618),
    (0x261D, 0x261D),
    (0x2620, 0x2620),
    (0x2622, 0x2623),
    (0x2626, 0x2626),
    (0x262A, 0x262A),
    (0x262E, 0x262F),
    (0x2638, 0x263A),
    (0x2640, 0x2640),
    (0x2642, 0x2642),
    (0x2648, 0x2653),
    (0x265F, 0x2660),
    (0x2663, 0x2663),
    (0x2665, 0x2666),
    (0x2668, 0x2668),
    (0x267B, 0x267B),
    (0x267E, 0x267F),
    (0x2692, 0x2697),
    (0x2699, 0x2699),
    (0x269B, 0x269C),
    (0x26A0, 0x26A1),
    (0x26A7, 0x26A7),
    (0x26AA, 0x26AB),
    (0x26B0, 0x26B1),
    (0x26BD, 0x26BE),
    (0x26C4, 0x26C5),
    (0x26C8, 0x26C8),
    (0x26CE, 0x26CF),
    (0x26D1, 0x26D1),
    (0x26D3, 0x26D4),
    (0x26E9, 0x26EA),
    (0x26F0, 0x26F5),
    (0x26F7, 0x26FA),
    (0x26FD, 0x26FD),
    (0x2702, 0x2702),
    (0x2705, 0x2705),
    (0x2708, 0x270D),
    (0x270F, 0x270F),
    (0x2712, 0x2712),
    (0x2714, 0x2714),
    (0x2716, 0x2716),
    (0x271D, 0x271D),
    (0x2721, 0x2721),
    (0x2728, 0x2728),
    (0x2733, 0x2734),
    (0x2744, 0x2744),
    (0x2747, 0x2747),
    (0x274C, 0x274C),
    (0x274E, 0x274E),
    (0x2753, 0x2755),
    (0x2757, 0x2757),
    (0x2763, 0x2764),
    (0x2795, 0x2797),
    (0x27A1, 0x27A1),
    (0x27B0, 0x27B0),
    (0x27BF, 0x27BF),
    (0x2934, 0x2935),
    (0x2B05, 0x2B07),
    (0x2B1B, 0x2B1C),
    (0x2B50, 0x2B50),
    (0x2B55, 0x2B55),
    (0x3030, 0x3030),
    (0x303D, 0x303D),
    (0x3297, 0x3297),
    (0x3299, 0x3299),
    (0x1F004, 0x1F004),
    (0x1F0CF, 0x1F0CF),
    (0x1F170, 0x1F171),
    (0x1F17E, 0x1F17F),
    (0x1F18E, 0x1F18E),
    (0x1F191, 0x1F19A),
    (0x1F201, 0x1F202),
    (0x1F21A, 0x1F21A),
    (0x1F22F, 0x1F22F),
    (0x1F232, 0x1F23A),
    (0x1F250, 0x1F251),
    (0x1F300, 0x1F321),
    (0x1F324, 0x1F393),
    (0x1F396, 0x1F397),
    (0x1F399, 0x1F39B),
    (0x1F39E, 0x1F3F0),
    (0x1F3F3, 0x1F3F5),
    (0x1F3F7, 0x1F4FD),
    (0x1F4FF, 0x1F53D),
    (0x1F549, 0x1F54E),
    (0x1F550, 0x1F567),
    (0x1F56F, 0x1F570),
    (0x1F573, 0x1F57A),
    (0x1F587, 0x1F587),
    (0x1F58A, 0x1F58D),
    (0x1F590, 0x1F590),
    (0x1F595, 0x1F596),
    (0x1F5A4, 0x1F5A5),
    (0x1F5A8, 0x1F5A8),
    (0x1F5B1, 0x1F5B2),
    (0x1F5BC, 0x1F5BC),
    (0x1F5C2, 0x1F5C4),
    (0x1F5D1, 0x1F5D3),
    (0x1F5DC, 0x1F5DE),
    (0x1F5E1, 0x1F5E1),
    (0x1F5E3, 0x1F5E3),
    (0x1F5E8, 0x1F5E8),
    (0x1F5EF, 0x1F5EF),
    (0x1F5F3, 0x1F5F3),
    (0x1F5FA, 0x1F64F),
    (0x1F680, 0x1F6C5),
    (0x1F6CB, 0x1F6D2),
    (0x1F6D5, 0x1F6D8),
    (0x1F6DC, 0x1F6E5),
    (0x1F6E9, 0x1F6E9),
    (0x1F6EB, 0x1F6EC),
    (0x1F6F0, 0x1F6F0),
    (0x1F6F3, 0x1F6FC),
    (0x1F7E0, 0x1F7EB),
    (0x1F7F0, 0x1F7F0),
    (0x1F90C, 0x1F93A),
    (0x1F93C, 0x1F945),
    (0x1F947, 0x1F9FF),
    (0x1FA70, 0x1FA7C),
    (0x1FA80, 0x1FA8A),
    (0x1FA8E, 0x1FAC6),
    (0x1FAC8, 0x1FAC8),
    (0x1FACD, 0x1FADC),
    (0x1FADF, 0x1FAEA),
    (0x1FAEF, 0x1FAF8),
];

/// Every multi-code-point string the emoji regex matches, sorted; a match counts two columns.
pub(super) static SEQUENCES: [&[u32]; 3856] = [
    &[0x23, 0x20E3],
    &[0x23, 0xFE0F, 0x20E3],
    &[0x2A, 0x20E3],
    &[0x2A, 0xFE0F, 0x20E3],
    &[0x30, 0x20E3],
    &[0x30, 0xFE0F, 0x20E3],
    &[0x31, 0x20E3],
    &[0x31, 0xFE0F, 0x20E3],
    &[0x32, 0x20E3],
    &[0x32, 0xFE0F, 0x20E3],
    &[0x33, 0x20E3],
    &[0x33, 0xFE0F, 0x20E3],
    &[0x34, 0x20E3],
    &[0x34, 0xFE0F, 0x20E3],
    &[0x35, 0x20E3],
    &[0x35, 0xFE0F, 0x20E3],
    &[0x36, 0x20E3],
    &[0x36, 0xFE0F, 0x20E3],
    &[0x37, 0x20E3],
    &[0x37, 0xFE0F, 0x20E3],
    &[0x38, 0x20E3],
    &[0x38, 0xFE0F, 0x20E3],
    &[0x39, 0x20E3],
    &[0x39, 0xFE0F, 0x20E3],
    &[0xA9, 0xFE0F],
    &[0xAE, 0xFE0F],
    &[0x203C, 0xFE0F],
    &[0x2049, 0xFE0F],
    &[0x2122, 0xFE0F],
    &[0x2139, 0xFE0F],
    &[0x2194, 0xFE0F],
    &[0x2195, 0xFE0F],
    &[0x2196, 0xFE0F],
    &[0x2197, 0xFE0F],
    &[0x2198, 0xFE0F],
    &[0x2199, 0xFE0F],
    &[0x21A9, 0xFE0F],
    &[0x21AA, 0xFE0F],
    &[0x231A, 0xFE0F],
    &[0x231B, 0xFE0F],
    &[0x2328, 0xFE0F],
    &[0x23CF, 0xFE0F],
    &[0x23ED, 0xFE0F],
    &[0x23EE, 0xFE0F],
    &[0x23EF, 0xFE0F],
    &[0x23F1, 0xFE0F],
    &[0x23F2, 0xFE0F],
    &[0x23F8, 0xFE0F],
    &[0x23F9, 0xFE0F],
    &[0x23FA, 0xFE0F],
    &[0x24C2, 0xFE0F],
    &[0x25AA, 0xFE0F],
    &[0x25AB, 0xFE0F],
    &[0x25B6, 0xFE0F],
    &[0x25C0, 0xFE0F],
    &[0x25FB, 0xFE0F],
    &[0x25FC, 0xFE0F],
    &[0x25FE, 0xFE0F],
    &[0x2600, 0xFE0F],
    &[0x2601, 0xFE0F],
    &[0x2602, 0xFE0F],
    &[0x2603, 0xFE0F],
    &[0x2604, 0xFE0F],
    &[0x260E, 0xFE0F],
    &[0x2611, 0xFE0F],
    &[0x2614, 0xFE0F],
    &[0x2615, 0xFE0F],
    &[0x2618, 0xFE0F],
    &[0x261D, 0xFE0F],
    &[0x261D, 0x1F3FB],
    &[0x261D, 0x1F3FC],
    &[0x261D, 0x1F3FD],
    &[0x261D, 0x1F3FE],
    &[0x261D, 0x1F3FF],
    &[0x2620, 0xFE0F],
    &[0x2622, 0xFE0F],
    &[0x2623, 0xFE0F],
    &[0x2626, 0xFE0F],
    &[0x262A, 0xFE0F],
    &[0x262E, 0xFE0F],
    &[0x262F, 0xFE0F],
    &[0x2638, 0xFE0F],
    &[0x2639, 0xFE0F],
    &[0x263A, 0xFE0F],
    &[0x2640, 0xFE0F],
    &[0x2642, 0xFE0F],
    &[0x2648, 0xFE0F],
    &[0x2649, 0xFE0F],
    &[0x264A, 0xFE0F],
    &[0x264B, 0xFE0F],
    &[0x264C, 0xFE0F],
    &[0x264D, 0xFE0F],
    &[0x264E, 0xFE0F],
    &[0x264F, 0xFE0F],
    &[0x2650, 0xFE0F],
    &[0x2651, 0xFE0F],
    &[0x2652, 0xFE0F],
    &[0x2653, 0xFE0F],
    &[0x265F, 0xFE0F],
    &[0x2660, 0xFE0F],
    &[0x2663, 0xFE0F],
    &[0x2665, 0xFE0F],
    &[0x2666, 0xFE0F],
    &[0x2668, 0xFE0F],
    &[0x267B, 0xFE0F],
    &[0x267E, 0xFE0F],
    &[0x267F, 0xFE0F],
    &[0x2692, 0xFE0F],
    &[0x2694, 0xFE0F],
    &[0x2695, 0xFE0F],
    &[0x2696, 0xFE0F],
    &[0x2697, 0xFE0F],
    &[0x2699, 0xFE0F],
    &[0x269B, 0xFE0F],
    &[0x269C, 0xFE0F],
    &[0x26A0, 0xFE0F],
    &[0x26A7, 0xFE0F],
    &[0x26AA, 0xFE0F],
    &[0x26B0, 0xFE0F],
    &[0x26B1, 0xFE0F],
    &[0x26BD, 0xFE0F],
    &[0x26BE, 0xFE0F],
    &[0x26C4, 0xFE0F],
    &[0x26C8, 0xFE0F],
    &[0x26CF, 0xFE0F],
    &[0x26D1, 0xFE0F],
    &[0x26D3, 0x200D, 0x1F4A5],
    &[0x26D3, 0xFE0F],
    &[0x26D3, 0xFE0F, 0x200D, 0x1F4A5],
    &[0x26E9, 0xFE0F],
    &[0x26F0, 0xFE0F],
    &[0x26F1, 0xFE0F],
    &[0x26F2, 0xFE0F],
    &[0x26F3, 0xFE0F],
    &[0x26F4, 0xFE0F],
    &[0x26F5, 0xFE0F],
    &[0x26F7, 0xFE0F],
    &[0x26F8, 0xFE0F],
    &[0x26F9, 0x200D, 0x2640],
    &[0x26F9, 0x200D, 0x2640, 0xFE0F],
    &[0x26F9, 0x200D, 0x2642],
    &[0x26F9, 0x200D, 0x2642, 0xFE0F],
    &[0x26F9, 0xFE0F],
    &[0x26F9, 0xFE0F, 0x200D, 0x2640],
    &[0x26F9, 0xFE0F, 0x200D, 0x2640, 0xFE0F],
    &[0x26F9, 0xFE0F, 0x200D, 0x2642],
    &[0x26F9, 0xFE0F, 0x200D, 0x2642, 0xFE0F],
    &[0x26F9, 0x1F3FB],
    &[0x26F9, 0x1F3FB, 0x200D, 0x2640],
    &[0x26F9, 0x1F3FB, 0x200D, 0x2640, 0xFE0F],
    &[0x26F9, 0x1F3FB, 0x200D, 0x2642],
    &[0x26F9, 0x1F3FB, 0x200D, 0x2642, 0xFE0F],
    &[0x26F9, 0x1F3FC],
    &[0x26F9, 0x1F3FC, 0x200D, 0x2640],
    &[0x26F9, 0x1F3FC, 0x200D, 0x2640, 0xFE0F],
    &[0x26F9, 0x1F3FC, 0x200D, 0x2642],
    &[0x26F9, 0x1F3FC, 0x200D, 0x2642, 0xFE0F],
    &[0x26F9, 0x1F3FD],
    &[0x26F9, 0x1F3FD, 0x200D, 0x2640],
    &[0x26F9, 0x1F3FD, 0x200D, 0x2640, 0xFE0F],
    &[0x26F9, 0x1F3FD, 0x200D, 0x2642],
    &[0x26F9, 0x1F3FD, 0x200D, 0x2642, 0xFE0F],
    &[0x26F9, 0x1F3FE],
    &[0x26F9, 0x1F3FE, 0x200D, 0x2640],
    &[0x26F9, 0x1F3FE, 0x200D, 0x2640, 0xFE0F],
    &[0x26F9, 0x1F3FE, 0x200D, 0x2642],
    &[0x26F9, 0x1F3FE, 0x200D, 0x2642, 0xFE0F],
    &[0x26F9, 0x1F3FF],
    &[0x26F9, 0x1F3FF, 0x200D, 0x2640],
    &[0x26F9, 0x1F3FF, 0x200D, 0x2640, 0xFE0F],
    &[0x26F9, 0x1F3FF, 0x200D, 0x2642],
    &[0x26F9, 0x1F3FF, 0x200D, 0x2642, 0xFE0F],
    &[0x26FA, 0xFE0F],
    &[0x2702, 0xFE0F],
    &[0x2708, 0xFE0F],
    &[0x2709, 0xFE0F],
    &[0x270A, 0x1F3FB],
    &[0x270A, 0x1F3FC],
    &[0x270A, 0x1F3FD],
    &[0x270A, 0x1F3FE],
    &[0x270A, 0x1F3FF],
    &[0x270B, 0x1F3FB],
    &[0x270B, 0x1F3FC],
    &[0x270B, 0x1F3FD],
    &[0x270B, 0x1F3FE],
    &[0x270B, 0x1F3FF],
    &[0x270C, 0xFE0F],
    &[0x270C, 0x1F3FB],
    &[0x270C, 0x1F3FC],
    &[0x270C, 0x1F3FD],
    &[0x270C, 0x1F3FE],
    &[0x270C, 0x1F3FF],
    &[0x270D, 0xFE0F],
    &[0x270D, 0x1F3FB],
    &[0x270D, 0x1F3FC],
    &[0x270D, 0x1F3FD],
    &[0x270D, 0x1F3FE],
    &[0x270D, 0x1F3FF],
    &[0x270F, 0xFE0F],
    &[0x2712, 0xFE0F],
    &[0x2714, 0xFE0F],
    &[0x2716, 0xFE0F],
    &[0x271D, 0xFE0F],
    &[0x2721, 0xFE0F],
    &[0x2733, 0xFE0F],
    &[0x2734, 0xFE0F],
    &[0x2744, 0xFE0F],
    &[0x2747, 0xFE0F],
    &[0x2757, 0xFE0F],
    &[0x2763, 0xFE0F],
    &[0x2764, 0x200D, 0x1F525],
    &[0x2764, 0x200D, 0x1FA79],
    &[0x2764, 0xFE0F],
    &[0x2764, 0xFE0F, 0x200D, 0x1F525],
    &[0x2764, 0xFE0F, 0x200D, 0x1FA79],
    &[0x27A1, 0xFE0F],
    &[0x2934, 0xFE0F],
    &[0x2935, 0xFE0F],
    &[0x2B05, 0xFE0F],
    &[0x2B06, 0xFE0F],
    &[0x2B07, 0xFE0F],
    &[0x2B1B, 0xFE0F],
    &[0x2B1C, 0xFE0F],
    &[0x2B55, 0xFE0F],
    &[0x3030, 0xFE0F],
    &[0x303D, 0xFE0F],
    &[0x3297, 0xFE0F],
    &[0x3299, 0xFE0F],
    &[0x1F004, 0xFE0F],
    &[0x1F170, 0xFE0F],
    &[0x1F171, 0xFE0F],
    &[0x1F17E, 0xFE0F],
    &[0x1F17F, 0xFE0F],
    &[0x1F1E6, 0x1F1E8],
    &[0x1F1E6, 0x1F1E9],
    &[0x1F1E6, 0x1F1EA],
    &[0x1F1E6, 0x1F1EB],
    &[0x1F1E6, 0x1F1EC],
    &[0x1F1E6, 0x1F1EE],
    &[0x1F1E6, 0x1F1F1],
    &[0x1F1E6, 0x1F1F2],
    &[0x1F1E6, 0x1F1F4],
    &[0x1F1E6, 0x1F1F6],
    &[0x1F1E6, 0x1F1F7],
    &[0x1F1E6, 0x1F1F8],
    &[0x1F1E6, 0x1F1F9],
    &[0x1F1E6, 0x1F1FA],
    &[0x1F1E6, 0x1F1FC],
    &[0x1F1E6, 0x1F1FD],
    &[0x1F1E6, 0x1F1FF],
    &[0x1F1E7, 0x1F1E6],
    &[0x1F1E7, 0x1F1E7],
    &[0x1F1E7, 0x1F1E9],
    &[0x1F1E7, 0x1F1EA],
    &[0x1F1E7, 0x1F1EB],
    &[0x1F1E7, 0x1F1EC],
    &[0x1F1E7, 0x1F1ED],
    &[0x1F1E7, 0x1F1EE],
    &[0x1F1E7, 0x1F1EF],
    &[0x1F1E7, 0x1F1F1],
    &[0x1F1E7, 0x1F1F2],
    &[0x1F1E7, 0x1F1F3],
    &[0x1F1E7, 0x1F1F4],
    &[0x1F1E7, 0x1F1F6],
    &[0x1F1E7, 0x1F1F7],
    &[0x1F1E7, 0x1F1F8],
    &[0x1F1E7, 0x1F1F9],
    &[0x1F1E7, 0x1F1FB],
    &[0x1F1E7, 0x1F1FC],
    &[0x1F1E7, 0x1F1FE],
    &[0x1F1E7, 0x1F1FF],
    &[0x1F1E8, 0x1F1E6],
    &[0x1F1E8, 0x1F1E8],
    &[0x1F1E8, 0x1F1E9],
    &[0x1F1E8, 0x1F1EB],
    &[0x1F1E8, 0x1F1EC],
    &[0x1F1E8, 0x1F1ED],
    &[0x1F1E8, 0x1F1EE],
    &[0x1F1E8, 0x1F1F0],
    &[0x1F1E8, 0x1F1F1],
    &[0x1F1E8, 0x1F1F2],
    &[0x1F1E8, 0x1F1F3],
    &[0x1F1E8, 0x1F1F4],
    &[0x1F1E8, 0x1F1F5],
    &[0x1F1E8, 0x1F1F6],
    &[0x1F1E8, 0x1F1F7],
    &[0x1F1E8, 0x1F1FA],
    &[0x1F1E8, 0x1F1FB],
    &[0x1F1E8, 0x1F1FC],
    &[0x1F1E8, 0x1F1FD],
    &[0x1F1E8, 0x1F1FE],
    &[0x1F1E8, 0x1F1FF],
    &[0x1F1E9, 0x1F1EA],
    &[0x1F1E9, 0x1F1EC],
    &[0x1F1E9, 0x1F1EF],
    &[0x1F1E9, 0x1F1F0],
    &[0x1F1E9, 0x1F1F2],
    &[0x1F1E9, 0x1F1F4],
    &[0x1F1E9, 0x1F1FF],
    &[0x1F1EA, 0x1F1E6],
    &[0x1F1EA, 0x1F1E8],
    &[0x1F1EA, 0x1F1EA],
    &[0x1F1EA, 0x1F1EC],
    &[0x1F1EA, 0x1F1ED],
    &[0x1F1EA, 0x1F1F7],
    &[0x1F1EA, 0x1F1F8],
    &[0x1F1EA, 0x1F1F9],
    &[0x1F1EA, 0x1F1FA],
    &[0x1F1EB, 0x1F1EE],
    &[0x1F1EB, 0x1F1EF],
    &[0x1F1EB, 0x1F1F0],
    &[0x1F1EB, 0x1F1F2],
    &[0x1F1EB, 0x1F1F4],
    &[0x1F1EB, 0x1F1F7],
    &[0x1F1EC, 0x1F1E6],
    &[0x1F1EC, 0x1F1E7],
    &[0x1F1EC, 0x1F1E9],
    &[0x1F1EC, 0x1F1EA],
    &[0x1F1EC, 0x1F1EB],
    &[0x1F1EC, 0x1F1EC],
    &[0x1F1EC, 0x1F1ED],
    &[0x1F1EC, 0x1F1EE],
    &[0x1F1EC, 0x1F1F1],
    &[0x1F1EC, 0x1F1F2],
    &[0x1F1EC, 0x1F1F3],
    &[0x1F1EC, 0x1F1F5],
    &[0x1F1EC, 0x1F1F6],
    &[0x1F1EC, 0x1F1F7],
    &[0x1F1EC, 0x1F1F8],
    &[0x1F1EC, 0x1F1F9],
    &[0x1F1EC, 0x1F1FA],
    &[0x1F1EC, 0x1F1FC],
    &[0x1F1EC, 0x1F1FE],
    &[0x1F1ED, 0x1F1F0],
    &[0x1F1ED, 0x1F1F2],
    &[0x1F1ED, 0x1F1F3],
    &[0x1F1ED, 0x1F1F7],
    &[0x1F1ED, 0x1F1F9],
    &[0x1F1ED, 0x1F1FA],
    &[0x1F1EE, 0x1F1E8],
    &[0x1F1EE, 0x1F1E9],
    &[0x1F1EE, 0x1F1EA],
    &[0x1F1EE, 0x1F1F1],
    &[0x1F1EE, 0x1F1F2],
    &[0x1F1EE, 0x1F1F3],
    &[0x1F1EE, 0x1F1F4],
    &[0x1F1EE, 0x1F1F6],
    &[0x1F1EE, 0x1F1F7],
    &[0x1F1EE, 0x1F1F8],
    &[0x1F1EE, 0x1F1F9],
    &[0x1F1EF, 0x1F1EA],
    &[0x1F1EF, 0x1F1F2],
    &[0x1F1EF, 0x1F1F4],
    &[0x1F1EF, 0x1F1F5],
    &[0x1F1F0, 0x1F1EA],
    &[0x1F1F0, 0x1F1EC],
    &[0x1F1F0, 0x1F1ED],
    &[0x1F1F0, 0x1F1EE],
    &[0x1F1F0, 0x1F1F2],
    &[0x1F1F0, 0x1F1F3],
    &[0x1F1F0, 0x1F1F5],
    &[0x1F1F0, 0x1F1F7],
    &[0x1F1F0, 0x1F1FC],
    &[0x1F1F0, 0x1F1FE],
    &[0x1F1F0, 0x1F1FF],
    &[0x1F1F1, 0x1F1E6],
    &[0x1F1F1, 0x1F1E7],
    &[0x1F1F1, 0x1F1E8],
    &[0x1F1F1, 0x1F1EE],
    &[0x1F1F1, 0x1F1F0],
    &[0x1F1F1, 0x1F1F7],
    &[0x1F1F1, 0x1F1F8],
    &[0x1F1F1, 0x1F1F9],
    &[0x1F1F1, 0x1F1FA],
    &[0x1F1F1, 0x1F1FB],
    &[0x1F1F1, 0x1F1FE],
    &[0x1F1F2, 0x1F1E6],
    &[0x1F1F2, 0x1F1E8],
    &[0x1F1F2, 0x1F1E9],
    &[0x1F1F2, 0x1F1EA],
    &[0x1F1F2, 0x1F1EB],
    &[0x1F1F2, 0x1F1EC],
    &[0x1F1F2, 0x1F1ED],
    &[0x1F1F2, 0x1F1F0],
    &[0x1F1F2, 0x1F1F1],
    &[0x1F1F2, 0x1F1F2],
    &[0x1F1F2, 0x1F1F3],
    &[0x1F1F2, 0x1F1F4],
    &[0x1F1F2, 0x1F1F5],
    &[0x1F1F2, 0x1F1F6],
    &[0x1F1F2, 0x1F1F7],
    &[0x1F1F2, 0x1F1F8],
    &[0x1F1F2, 0x1F1F9],
    &[0x1F1F2, 0x1F1FA],
    &[0x1F1F2, 0x1F1FB],
    &[0x1F1F2, 0x1F1FC],
    &[0x1F1F2, 0x1F1FD],
    &[0x1F1F2, 0x1F1FE],
    &[0x1F1F2, 0x1F1FF],
    &[0x1F1F3, 0x1F1E6],
    &[0x1F1F3, 0x1F1E8],
    &[0x1F1F3, 0x1F1EA],
    &[0x1F1F3, 0x1F1EB],
    &[0x1F1F3, 0x1F1EC],
    &[0x1F1F3, 0x1F1EE],
    &[0x1F1F3, 0x1F1F1],
    &[0x1F1F3, 0x1F1F4],
    &[0x1F1F3, 0x1F1F5],
    &[0x1F1F3, 0x1F1F7],
    &[0x1F1F3, 0x1F1FA],
    &[0x1F1F3, 0x1F1FF],
    &[0x1F1F4, 0x1F1F2],
    &[0x1F1F5, 0x1F1E6],
    &[0x1F1F5, 0x1F1EA],
    &[0x1F1F5, 0x1F1EB],
    &[0x1F1F5, 0x1F1EC],
    &[0x1F1F5, 0x1F1ED],
    &[0x1F1F5, 0x1F1F0],
    &[0x1F1F5, 0x1F1F1],
    &[0x1F1F5, 0x1F1F2],
    &[0x1F1F5, 0x1F1F3],
    &[0x1F1F5, 0x1F1F7],
    &[0x1F1F5, 0x1F1F8],
    &[0x1F1F5, 0x1F1F9],
    &[0x1F1F5, 0x1F1FC],
    &[0x1F1F5, 0x1F1FE],
    &[0x1F1F6, 0x1F1E6],
    &[0x1F1F7, 0x1F1EA],
    &[0x1F1F7, 0x1F1F4],
    &[0x1F1F7, 0x1F1F8],
    &[0x1F1F7, 0x1F1FA],
    &[0x1F1F7, 0x1F1FC],
    &[0x1F1F8, 0x1F1E6],
    &[0x1F1F8, 0x1F1E7],
    &[0x1F1F8, 0x1F1E8],
    &[0x1F1F8, 0x1F1E9],
    &[0x1F1F8, 0x1F1EA],
    &[0x1F1F8, 0x1F1EC],
    &[0x1F1F8, 0x1F1ED],
    &[0x1F1F8, 0x1F1EE],
    &[0x1F1F8, 0x1F1EF],
    &[0x1F1F8, 0x1F1F0],
    &[0x1F1F8, 0x1F1F1],
    &[0x1F1F8, 0x1F1F2],
    &[0x1F1F8, 0x1F1F3],
    &[0x1F1F8, 0x1F1F4],
    &[0x1F1F8, 0x1F1F7],
    &[0x1F1F8, 0x1F1F8],
    &[0x1F1F8, 0x1F1F9],
    &[0x1F1F8, 0x1F1FB],
    &[0x1F1F8, 0x1F1FD],
    &[0x1F1F8, 0x1F1FE],
    &[0x1F1F8, 0x1F1FF],
    &[0x1F1F9, 0x1F1E6],
    &[0x1F1F9, 0x1F1E8],
    &[0x1F1F9, 0x1F1E9],
    &[0x1F1F9, 0x1F1EB],
    &[0x1F1F9, 0x1F1EC],
    &[0x1F1F9, 0x1F1ED],
    &[0x1F1F9, 0x1F1EF],
    &[0x1F1F9, 0x1F1F0],
    &[0x1F1F9, 0x1F1F1],
    &[0x1F1F9, 0x1F1F2],
    &[0x1F1F9, 0x1F1F3],
    &[0x1F1F9, 0x1F1F4],
    &[0x1F1F9, 0x1F1F7],
    &[0x1F1F9, 0x1F1F9],
    &[0x1F1F9, 0x1F1FB],
    &[0x1F1F9, 0x1F1FC],
    &[0x1F1F9, 0x1F1FF],
    &[0x1F1FA, 0x1F1E6],
    &[0x1F1FA, 0x1F1EC],
    &[0x1F1FA, 0x1F1F2],
    &[0x1F1FA, 0x1F1F3],
    &[0x1F1FA, 0x1F1F8],
    &[0x1F1FA, 0x1F1FE],
    &[0x1F1FA, 0x1F1FF],
    &[0x1F1FB, 0x1F1E6],
    &[0x1F1FB, 0x1F1E8],
    &[0x1F1FB, 0x1F1EA],
    &[0x1F1FB, 0x1F1EC],
    &[0x1F1FB, 0x1F1EE],
    &[0x1F1FB, 0x1F1F3],
    &[0x1F1FB, 0x1F1FA],
    &[0x1F1FC, 0x1F1EB],
    &[0x1F1FC, 0x1F1F8],
    &[0x1F1FD, 0x1F1F0],
    &[0x1F1FE, 0x1F1EA],
    &[0x1F1FE, 0x1F1F9],
    &[0x1F1FF, 0x1F1E6],
    &[0x1F1FF, 0x1F1F2],
    &[0x1F1FF, 0x1F1FC],
    &[0x1F202, 0xFE0F],
    &[0x1F237, 0xFE0F],
    &[0x1F321, 0xFE0F],
    &[0x1F324, 0xFE0F],
    &[0x1F325, 0xFE0F],
    &[0x1F326, 0xFE0F],
    &[0x1F327, 0xFE0F],
    &[0x1F328, 0xFE0F],
    &[0x1F329, 0xFE0F],
    &[0x1F32A, 0xFE0F],
    &[0x1F32B, 0xFE0F],
    &[0x1F32C, 0xFE0F],
    &[0x1F336, 0xFE0F],
    &[0x1F344, 0x200D, 0x1F7EB],
    &[0x1F34B, 0x200D, 0x1F7E9],
    &[0x1F37D, 0xFE0F],
    &[0x1F385, 0x1F3FB],
    &[0x1F385, 0x1F3FC],
    &[0x1F385, 0x1F3FD],
    &[0x1F385, 0x1F3FE],
    &[0x1F385, 0x1F3FF],
    &[0x1F396, 0xFE0F],
    &[0x1F397, 0xFE0F],
    &[0x1F399, 0xFE0F],
    &[0x1F39A, 0xFE0F],
    &[0x1F39B, 0xFE0F],
    &[0x1F39E, 0xFE0F],
    &[0x1F39F, 0xFE0F],
    &[0x1F3C2, 0x1F3FB],
    &[0x1F3C2, 0x1F3FC],
    &[0x1F3C2, 0x1F3FD],
    &[0x1F3C2, 0x1F3FE],
    &[0x1F3C2, 0x1F3FF],
    &[0x1F3C3, 0x200D, 0x2640],
    &[0x1F3C3, 0x200D, 0x2640, 0x200D, 0x27A1],
    &[0x1F3C3, 0x200D, 0x2640, 0x200D, 0x27A1, 0xFE0F],
    &[0x1F3C3, 0x200D, 0x2640, 0xFE0F],
    &[0x1F3C3, 0x200D, 0x2640, 0xFE0F, 0x200D, 0x27A1],
    &[0x1F3C3, 0x200D, 0x2640, 0xFE0F, 0x200D, 0x27A1, 0xFE0F],
    &[0x1F3C3, 0x200D, 0x2642],
    &[0x1F3C3, 0x200D, 0x2642, 0x200D, 0x27A1],
    &[0x1F3C3, 0x200D, 0x2642, 0x200D, 0x27A1, 0xFE0F],
    &[0x1F3C3, 0x200D, 0x2642, 0xFE0F],
    &[0x1F3C3, 0x200D, 0x2642, 0xFE0F, 0x200D, 0x27A1],
    &[0x1F3C3, 0x200D, 0x2642, 0xFE0F, 0x200D, 0x27A1, 0xFE0F],
    &[0x1F3C3, 0x200D, 0x27A1],
    &[0x1F3C3, 0x200D, 0x27A1, 0xFE0F],
    &[0x1F3C3, 0x1F3FB],
    &[0x1F3C3, 0x1F3FB, 0x200D, 0x2640],
    &[0x1F3C3, 0x1F3FB, 0x200D, 0x2640, 0x200D, 0x27A1],
    &[0x1F3C3, 0x1F3FB, 0x200D, 0x2640, 0x200D, 0x27A1, 0xFE0F],
    &[0x1F3C3, 0x1F3FB, 0x200D, 0x2640, 0xFE0F],
    &[0x1F3C3, 0x1F3FB, 0x200D, 0x2640, 0xFE0F, 0x200D, 0x27A1],
    &[
        0x1F3C3, 0x1F3FB, 0x200D, 0x2640, 0xFE0F, 0x200D, 0x27A1, 0xFE0F,
    ],
    &[0x1F3C3, 0x1F3FB, 0x200D, 0x2642],
    &[0x1F3C3, 0x1F3FB, 0x200D, 0x2642, 0x200D, 0x27A1],
    &[0x1F3C3, 0x1F3FB, 0x200D, 0x2642, 0x200D, 0x27A1, 0xFE0F],
    &[0x1F3C3, 0x1F3FB, 0x200D, 0x2642, 0xFE0F],
    &[0x1F3C3, 0x1F3FB, 0x200D, 0x2642, 0xFE0F, 0x200D, 0x27A1],
    &[
        0x1F3C3, 0x1F3FB, 0x200D, 0x2642, 0xFE0F, 0x200D, 0x27A1, 0xFE0F,
    ],
    &[0x1F3C3, 0x1F3FB, 0x200D, 0x27A1],
    &[0x1F3C3, 0x1F3FB, 0x200D, 0x27A1, 0xFE0F],
    &[0x1F3C3, 0x1F3FC],
    &[0x1F3C3, 0x1F3FC, 0x200D, 0x2640],
    &[0x1F3C3, 0x1F3FC, 0x200D, 0x2640, 0x200D, 0x27A1],
    &[0x1F3C3, 0x1F3FC, 0x200D, 0x2640, 0x200D, 0x27A1, 0xFE0F],
    &[0x1F3C3, 0x1F3FC, 0x200D, 0x2640, 0xFE0F],
    &[0x1F3C3, 0x1F3FC, 0x200D, 0x2640, 0xFE0F, 0x200D, 0x27A1],
    &[
        0x1F3C3, 0x1F3FC, 0x200D, 0x2640, 0xFE0F, 0x200D, 0x27A1, 0xFE0F,
    ],
    &[0x1F3C3, 0x1F3FC, 0x200D, 0x2642],
    &[0x1F3C3, 0x1F3FC, 0x200D, 0x2642, 0x200D, 0x27A1],
    &[0x1F3C3, 0x1F3FC, 0x200D, 0x2642, 0x200D, 0x27A1, 0xFE0F],
    &[0x1F3C3, 0x1F3FC, 0x200D, 0x2642, 0xFE0F],
    &[0x1F3C3, 0x1F3FC, 0x200D, 0x2642, 0xFE0F, 0x200D, 0x27A1],
    &[
        0x1F3C3, 0x1F3FC, 0x200D, 0x2642, 0xFE0F, 0x200D, 0x27A1, 0xFE0F,
    ],
    &[0x1F3C3, 0x1F3FC, 0x200D, 0x27A1],
    &[0x1F3C3, 0x1F3FC, 0x200D, 0x27A1, 0xFE0F],
    &[0x1F3C3, 0x1F3FD],
    &[0x1F3C3, 0x1F3FD, 0x200D, 0x2640],
    &[0x1F3C3, 0x1F3FD, 0x200D, 0x2640, 0x200D, 0x27A1],
    &[0x1F3C3, 0x1F3FD, 0x200D, 0x2640, 0x200D, 0x27A1, 0xFE0F],
    &[0x1F3C3, 0x1F3FD, 0x200D, 0x2640, 0xFE0F],
    &[0x1F3C3, 0x1F3FD, 0x200D, 0x2640, 0xFE0F, 0x200D, 0x27A1],
    &[
        0x1F3C3, 0x1F3FD, 0x200D, 0x2640, 0xFE0F, 0x200D, 0x27A1, 0xFE0F,
    ],
    &[0x1F3C3, 0x1F3FD, 0x200D, 0x2642],
    &[0x1F3C3, 0x1F3FD, 0x200D, 0x2642, 0x200D, 0x27A1],
    &[0x1F3C3, 0x1F3FD, 0x200D, 0x2642, 0x200D, 0x27A1, 0xFE0F],
    &[0x1F3C3, 0x1F3FD, 0x200D, 0x2642, 0xFE0F],
    &[0x1F3C3, 0x1F3FD, 0x200D, 0x2642, 0xFE0F, 0x200D, 0x27A1],
    &[
        0x1F3C3, 0x1F3FD, 0x200D, 0x2642, 0xFE0F, 0x200D, 0x27A1, 0xFE0F,
    ],
    &[0x1F3C3, 0x1F3FD, 0x200D, 0x27A1],
    &[0x1F3C3, 0x1F3FD, 0x200D, 0x27A1, 0xFE0F],
    &[0x1F3C3, 0x1F3FE],
    &[0x1F3C3, 0x1F3FE, 0x200D, 0x2640],
    &[0x1F3C3, 0x1F3FE, 0x200D, 0x2640, 0x200D, 0x27A1],
    &[0x1F3C3, 0x1F3FE, 0x200D, 0x2640, 0x200D, 0x27A1, 0xFE0F],
    &[0x1F3C3, 0x1F3FE, 0x200D, 0x2640, 0xFE0F],
    &[0x1F3C3, 0x1F3FE, 0x200D, 0x2640, 0xFE0F, 0x200D, 0x27A1],
    &[
        0x1F3C3, 0x1F3FE, 0x200D, 0x2640, 0xFE0F, 0x200D, 0x27A1, 0xFE0F,
    ],
    &[0x1F3C3, 0x1F3FE, 0x200D, 0x2642],
    &[0x1F3C3, 0x1F3FE, 0x200D, 0x2642, 0x200D, 0x27A1],
    &[0x1F3C3, 0x1F3FE, 0x200D, 0x2642, 0x200D, 0x27A1, 0xFE0F],
    &[0x1F3C3, 0x1F3FE, 0x200D, 0x2642, 0xFE0F],
    &[0x1F3C3, 0x1F3FE, 0x200D, 0x2642, 0xFE0F, 0x200D, 0x27A1],
    &[
        0x1F3C3, 0x1F3FE, 0x200D, 0x2642, 0xFE0F, 0x200D, 0x27A1, 0xFE0F,
    ],
    &[0x1F3C3, 0x1F3FE, 0x200D, 0x27A1],
    &[0x1F3C3, 0x1F3FE, 0x200D, 0x27A1, 0xFE0F],
    &[0x1F3C3, 0x1F3FF],
    &[0x1F3C3, 0x1F3FF, 0x200D, 0x2640],
    &[0x1F3C3, 0x1F3FF, 0x200D, 0x2640, 0x200D, 0x27A1],
    &[0x1F3C3, 0x1F3FF, 0x200D, 0x2640, 0x200D, 0x27A1, 0xFE0F],
    &[0x1F3C3, 0x1F3FF, 0x200D, 0x2640, 0xFE0F],
    &[0x1F3C3, 0x1F3FF, 0x200D, 0x2640, 0xFE0F, 0x200D, 0x27A1],
    &[
        0x1F3C3, 0x1F3FF, 0x200D, 0x2640, 0xFE0F, 0x200D, 0x27A1, 0xFE0F,
    ],
    &[0x1F3C3, 0x1F3FF, 0x200D, 0x2642],
    &[0x1F3C3, 0x1F3FF, 0x200D, 0x2642, 0x200D, 0x27A1],
    &[0x1F3C3, 0x1F3FF, 0x200D, 0x2642, 0x200D, 0x27A1, 0xFE0F],
    &[0x1F3C3, 0x1F3FF, 0x200D, 0x2642, 0xFE0F],
    &[0x1F3C3, 0x1F3FF, 0x200D, 0x2642, 0xFE0F, 0x200D, 0x27A1],
    &[
        0x1F3C3, 0x1F3FF, 0x200D, 0x2642, 0xFE0F, 0x200D, 0x27A1, 0xFE0F,
    ],
    &[0x1F3C3, 0x1F3FF, 0x200D, 0x27A1],
    &[0x1F3C3, 0x1F3FF, 0x200D, 0x27A1, 0xFE0F],
    &[0x1F3C4, 0x200D, 0x2640],
    &[0x1F3C4, 0x200D, 0x2640, 0xFE0F],
    &[0x1F3C4, 0x200D, 0x2642],
    &[0x1F3C4, 0x200D, 0x2642, 0xFE0F],
    &[0x1F3C4, 0x1F3FB],
    &[0x1F3C4, 0x1F3FB, 0x200D, 0x2640],
    &[0x1F3C4, 0x1F3FB, 0x200D, 0x2640, 0xFE0F],
    &[0x1F3C4, 0x1F3FB, 0x200D, 0x2642],
    &[0x1F3C4, 0x1F3FB, 0x200D, 0x2642, 0xFE0F],
    &[0x1F3C4, 0x1F3FC],
    &[0x1F3C4, 0x1F3FC, 0x200D, 0x2640],
    &[0x1F3C4, 0x1F3FC, 0x200D, 0x2640, 0xFE0F],
    &[0x1F3C4, 0x1F3FC, 0x200D, 0x2642],
    &[0x1F3C4, 0x1F3FC, 0x200D, 0x2642, 0xFE0F],
    &[0x1F3C4, 0x1F3FD],
    &[0x1F3C4, 0x1F3FD, 0x200D, 0x2640],
    &[0x1F3C4, 0x1F3FD, 0x200D, 0x2640, 0xFE0F],
    &[0x1F3C4, 0x1F3FD, 0x200D, 0x2642],
    &[0x1F3C4, 0x1F3FD, 0x200D, 0x2642, 0xFE0F],
    &[0x1F3C4, 0x1F3FE],
    &[0x1F3C4, 0x1F3FE, 0x200D, 0x2640],
    &[0x1F3C4, 0x1F3FE, 0x200D, 0x2640, 0xFE0F],
    &[0x1F3C4, 0x1F3FE, 0x200D, 0x2642],
    &[0x1F3C4, 0x1F3FE, 0x200D, 0x2642, 0xFE0F],
    &[0x1F3C4, 0x1F3FF],
    &[0x1F3C4, 0x1F3FF, 0x200D, 0x2640],
    &[0x1F3C4, 0x1F3FF, 0x200D, 0x2640, 0xFE0F],
    &[0x1F3C4, 0x1F3FF, 0x200D, 0x2642],
    &[0x1F3C4, 0x1F3FF, 0x200D, 0x2642, 0xFE0F],
    &[0x1F3C7, 0x1F3FB],
    &[0x1F3C7, 0x1F3FC],
    &[0x1F3C7, 0x1F3FD],
    &[0x1F3C7, 0x1F3FE],
    &[0x1F3C7, 0x1F3FF],
    &[0x1F3CA, 0x200D, 0x2640],
    &[0x1F3CA, 0x200D, 0x2640, 0xFE0F],
    &[0x1F3CA, 0x200D, 0x2642],
    &[0x1F3CA, 0x200D, 0x2642, 0xFE0F],
    &[0x1F3CA, 0x1F3FB],
    &[0x1F3CA, 0x1F3FB, 0x200D, 0x2640],
    &[0x1F3CA, 0x1F3FB, 0x200D, 0x2640, 0xFE0F],
    &[0x1F3CA, 0x1F3FB, 0x200D, 0x2642],
    &[0x1F3CA, 0x1F3FB, 0x200D, 0x2642, 0xFE0F],
    &[0x1F3CA, 0x1F3FC],
    &[0x1F3CA, 0x1F3FC, 0x200D, 0x2640],
    &[0x1F3CA, 0x1F3FC, 0x200D, 0x2640, 0xFE0F],
    &[0x1F3CA, 0x1F3FC, 0x200D, 0x2642],
    &[0x1F3CA, 0x1F3FC, 0x200D, 0x2642, 0xFE0F],
    &[0x1F3CA, 0x1F3FD],
    &[0x1F3CA, 0x1F3FD, 0x200D, 0x2640],
    &[0x1F3CA, 0x1F3FD, 0x200D, 0x2640, 0xFE0F],
    &[0x1F3CA, 0x1F3FD, 0x200D, 0x2642],
    &[0x1F3CA, 0x1F3FD, 0x200D, 0x2642, 0xFE0F],
    &[0x1F3CA, 0x1F3FE],
    &[0x1F3CA, 0x1F3FE, 0x200D, 0x2640],
    &[0x1F3CA, 0x1F3FE, 0x200D, 0x2640, 0xFE0F],
    &[0x1F3CA, 0x1F3FE, 0x200D, 0x2642],
    &[0x1F3CA, 0x1F3FE, 0x200D, 0x2642, 0xFE0F],
    &[0x1F3CA, 0x1F3FF],
    &[0x1F3CA, 0x1F3FF, 0x200D, 0x2640],
    &[0x1F3CA, 0x1F3FF, 0x200D, 0x2640, 0xFE0F],
    &[0x1F3CA, 0x1F3FF, 0x200D, 0x2642],
    &[0x1F3CA, 0x1F3FF, 0x200D, 0x2642, 0xFE0F],
    &[0x1F3CB, 0x200D, 0x2640],
    &[0x1F3CB, 0x200D, 0x2640, 0xFE0F],
    &[0x1F3CB, 0x200D, 0x2642],
    &[0x1F3CB, 0x200D, 0x2642, 0xFE0F],
    &[0x1F3CB, 0xFE0F],
    &[0x1F3CB, 0xFE0F, 0x200D, 0x2640],
    &[0x1F3CB, 0xFE0F, 0x200D, 0x2640, 0xFE0F],
    &[0x1F3CB, 0xFE0F, 0x200D, 0x2642],
    &[0x1F3CB, 0xFE0F, 0x200D, 0x2642, 0xFE0F],
    &[0x1F3CB, 0x1F3FB],
    &[0x1F3CB, 0x1F3FB, 0x200D, 0x2640],
    &[0x1F3CB, 0x1F3FB, 0x200D, 0x2640, 0xFE0F],
    &[0x1F3CB, 0x1F3FB, 0x200D, 0x2642],
    &[0x1F3CB, 0x1F3FB, 0x200D, 0x2642, 0xFE0F],
    &[0x1F3CB, 0x1F3FC],
    &[0x1F3CB, 0x1F3FC, 0x200D, 0x2640],
    &[0x1F3CB, 0x1F3FC, 0x200D, 0x2640, 0xFE0F],
    &[0x1F3CB, 0x1F3FC, 0x200D, 0x2642],
    &[0x1F3CB, 0x1F3FC, 0x200D, 0x2642, 0xFE0F],
    &[0x1F3CB, 0x1F3FD],
    &[0x1F3CB, 0x1F3FD, 0x200D, 0x2640],
    &[0x1F3CB, 0x1F3FD, 0x200D, 0x2640, 0xFE0F],
    &[0x1F3CB, 0x1F3FD, 0x200D, 0x2642],
    &[0x1F3CB, 0x1F3FD, 0x200D, 0x2642, 0xFE0F],
    &[0x1F3CB, 0x1F3FE],
    &[0x1F3CB, 0x1F3FE, 0x200D, 0x2640],
    &[0x1F3CB, 0x1F3FE, 0x200D, 0x2640, 0xFE0F],
    &[0x1F3CB, 0x1F3FE, 0x200D, 0x2642],
    &[0x1F3CB, 0x1F3FE, 0x200D, 0x2642, 0xFE0F],
    &[0x1F3CB, 0x1F3FF],
    &[0x1F3CB, 0x1F3FF, 0x200D, 0x2640],
    &[0x1F3CB, 0x1F3FF, 0x200D, 0x2640, 0xFE0F],
    &[0x1F3CB, 0x1F3FF, 0x200D, 0x2642],
    &[0x1F3CB, 0x1F3FF, 0x200D, 0x2642, 0xFE0F],
    &[0x1F3CC, 0x200D, 0x2640],
    &[0x1F3CC, 0x200D, 0x2640, 0xFE0F],
    &[0x1F3CC, 0x200D, 0x2642],
    &[0x1F3CC, 0x200D, 0x2642, 0xFE0F],
    &[0x1F3CC, 0xFE0F],
    &[0x1F3CC, 0xFE0F, 0x200D, 0x2640],
    &[0x1F3CC, 0xFE0F, 0x200D, 0x2640, 0xFE0F],
    &[0x1F3CC, 0xFE0F, 0x200D, 0x2642],
    &[0x1F3CC, 0xFE0F, 0x200D, 0x2642, 0xFE0F],
    &[0x1F3CC, 0x1F3FB],
    &[0x1F3CC, 0x1F3FB, 0x200D, 0x2640],
    &[0x1F3CC, 0x1F3FB, 0x200D, 0x2640, 0xFE0F],
    &[0x1F3CC, 0x1F3FB, 0x200D, 0x2642],
    &[0x1F3CC, 0x1F3FB, 0x200D, 0x2642, 0xFE0F],
    &[0x1F3CC, 0x1F3FC],
    &[0x1F3CC, 0x1F3FC, 0x200D, 0x2640],
    &[0x1F3CC, 0x1F3FC, 0x200D, 0x2640, 0xFE0F],
    &[0x1F3CC, 0x1F3FC, 0x200D, 0x2642],
    &[0x1F3CC, 0x1F3FC, 0x200D, 0x2642, 0xFE0F],
    &[0x1F3CC, 0x1F3FD],
    &[0x1F3CC, 0x1F3FD, 0x200D, 0x2640],
    &[0x1F3CC, 0x1F3FD, 0x200D, 0x2640, 0xFE0F],
    &[0x1F3CC, 0x1F3FD, 0x200D, 0x2642],
    &[0x1F3CC, 0x1F3FD, 0x200D, 0x2642, 0xFE0F],
    &[0x1F3CC, 0x1F3FE],
    &[0x1F3CC, 0x1F3FE, 0x200D, 0x2640],
    &[0x1F3CC, 0x1F3FE, 0x200D, 0x2640, 0xFE0F],
    &[0x1F3CC, 0x1F3FE, 0x200D, 0x2642],
    &[0x1F3CC, 0x1F3FE, 0x200D, 0x2642, 0xFE0F],
    &[0x1F3CC, 0x1F3FF],
    &[0x1F3CC, 0x1F3FF, 0x200D, 0x2640],
    &[0x1F3CC, 0x1F3FF, 0x200D, 0x2640, 0xFE0F],
    &[0x1F3CC, 0x1F3FF, 0x200D, 0x2642],
    &[0x1F3CC, 0x1F3FF, 0x200D, 0x2642, 0xFE0F],
    &[0x1F3CD, 0xFE0F],
    &[0x1F3CE, 0xFE0F],
    &[0x1F3D4, 0xFE0F],
    &[0x1F3D5, 0xFE0F],
    &[0x1F3D6, 0xFE0F],
    &[0x1F3D7, 0xFE0F],
    &[0x1F3D8, 0xFE0F],
    &[0x1F3D9, 0xFE0F],
    &[0x1F3DA, 0xFE0F],
    &[0x1F3DB, 0xFE0F],
    &[0x1F3DC, 0xFE0F],
    &[0x1F3DD, 0xFE0F],
    &[0x1F3DE, 0xFE0F],
    &[0x1F3DF, 0xFE0F],
    &[0x1F3F3, 0x200D, 0x26A7],
    &[0x1F3F3, 0x200D, 0x26A7, 0xFE0F],
    &[0x1F3F3, 0x200D, 0x1F308],
    &[0x1F3F3, 0xFE0F],
    &[0x1F3F3, 0xFE0F, 0x200D, 0x26A7],
    &[0x1F3F3, 0xFE0F, 0x200D, 0x26A7, 0xFE0F],
    &[0x1F3F3, 0xFE0F, 0x200D, 0x1F308],
    &[0x1F3F4, 0x200D, 0x2620],
    &[0x1F3F4, 0x200D, 0x2620, 0xFE0F],
    &[
        0x1F3F4, 0xE0067, 0xE0062, 0xE0065, 0xE006E, 0xE0067, 0xE007F,
    ],
    &[
        0x1F3F4, 0xE0067, 0xE0062, 0xE0073, 0xE0063, 0xE0074, 0xE007F,
    ],
    &[
        0x1F3F4, 0xE0067, 0xE0062, 0xE0077, 0xE006C, 0xE0073, 0xE007F,
    ],
    &[0x1F3F5, 0xFE0F],
    &[0x1F3F7, 0xFE0F],
    &[0x1F408, 0x200D, 0x2B1B],
    &[0x1F415, 0x200D, 0x1F9BA],
    &[0x1F426, 0x200D, 0x2B1B],
    &[0x1F426, 0x200D, 0x1F525],
    &[0x1F43B, 0x200D, 0x2744],
    &[0x1F43B, 0x200D, 0x2744, 0xFE0F],
    &[0x1F43F, 0xFE0F],
    &[0x1F441, 0x200D, 0x1F5E8],
    &[0x1F441, 0x200D, 0x1F5E8, 0xFE0F],
    &[0x1F441, 0xFE0F],
    &[0x1F441, 0xFE0F, 0x200D, 0x1F5E8],
    &[0x1F441, 0xFE0F, 0x200D, 0x1F5E8, 0xFE0F],
    &[0x1F442, 0x1F3FB],
    &[0x1F442, 0x1F3FC],
    &[0x1F442, 0x1F3FD],
    &[0x1F442, 0x1F3FE],
    &[0x1F442, 0x1F3FF],
    &[0x1F443, 0x1F3FB],
    &[0x1F443, 0x1F3FC],
    &[0x1F443, 0x1F3FD],
    &[0x1F443, 0x1F3FE],
    &[0x1F443, 0x1F3FF],
    &[0x1F446, 0x1F3FB],
    &[0x1F446, 0x1F3FC],
    &[0x1F446, 0x1F3FD],
    &[0x1F446, 0x1F3FE],
    &[0x1F446, 0x1F3FF],
    &[0x1F447, 0x1F3FB],
    &[0x1F447, 0x1F3FC],
    &[0x1F447, 0x1F3FD],
    &[0x1F447, 0x1F3FE],
    &[0x1F447, 0x1F3FF],
    &[0x1F448, 0x1F3FB],
    &[0x1F448, 0x1F3FC],
    &[0x1F448, 0x1F3FD],
    &[0x1F448, 0x1F3FE],
    &[0x1F448, 0x1F3FF],
    &[0x1F449, 0x1F3FB],
    &[0x1F449, 0x1F3FC],
    &[0x1F449, 0x1F3FD],
    &[0x1F449, 0x1F3FE],
    &[0x1F449, 0x1F3FF],
    &[0x1F44A, 0x1F3FB],
    &[0x1F44A, 0x1F3FC],
    &[0x1F44A, 0x1F3FD],
    &[0x1F44A, 0x1F3FE],
    &[0x1F44A, 0x1F3FF],
    &[0x1F44B, 0x1F3FB],
    &[0x1F44B, 0x1F3FC],
    &[0x1F44B, 0x1F3FD],
    &[0x1F44B, 0x1F3FE],
    &[0x1F44B, 0x1F3FF],
    &[0x1F44C, 0x1F3FB],
    &[0x1F44C, 0x1F3FC],
    &[0x1F44C, 0x1F3FD],
    &[0x1F44C, 0x1F3FE],
    &[0x1F44C, 0x1F3FF],
    &[0x1F44D, 0x1F3FB],
    &[0x1F44D, 0x1F3FC],
    &[0x1F44D, 0x1F3FD],
    &[0x1F44D, 0x1F3FE],
    &[0x1F44D, 0x1F3FF],
    &[0x1F44E, 0x1F3FB],
    &[0x1F44E, 0x1F3FC],
    &[0x1F44E, 0x1F3FD],
    &[0x1F44E, 0x1F3FE],
    &[0x1F44E, 0x1F3FF],
    &[0x1F44F, 0x1F3FB],
    &[0x1F44F, 0x1F3FC],
    &[0x1F44F, 0x1F3FD],
    &[0x1F44F, 0x1F3FE],
    &[0x1F44F, 0x1F3FF],
    &[0x1F450, 0x1F3FB],
    &[0x1F450, 0x1F3FC],
    &[0x1F450, 0x1F3FD],
    &[0x1F450, 0x1F3FE],
    &[0x1F450, 0x1F3FF],
    &[0x1F466, 0x1F3FB],
    &[0x1F466, 0x1F3FC],
    &[0x1F466, 0x1F3FD],
    &[0x1F466, 0x1F3FE],
    &[0x1F466, 0x1F3FF],
    &[0x1F467, 0x1F3FB],
    &[0x1F467, 0x1F3FC],
    &[0x1F467, 0x1F3FD],
    &[0x1F467, 0x1F3FE],
    &[0x1F467, 0x1F3FF],
    &[0x1F468, 0x200D, 0x2695],
    &[0x1F468, 0x200D, 0x2695, 0xFE0F],
    &[0x1F468, 0x200D, 0x2696],
    &[0x1F468, 0x200D, 0x2696, 0xFE0F],
    &[0x1F468, 0x200D, 0x2708],
    &[0x1F468, 0x200D, 0x2708, 0xFE0F],
    &[0x1F468, 0x200D, 0x2764, 0x200D, 0x1F468],
    &[0x1F468, 0x200D, 0x2764, 0x200D, 0x1F48B, 0x200D, 0x1F468],
    &[0x1F468, 0x200D, 0x2764, 0xFE0F, 0x200D, 0x1F468],
    &[
        0x1F468, 0x200D, 0x2764, 0xFE0F, 0x200D, 0x1F48B, 0x200D, 0x1F468,
    ],
    &[0x1F468, 0x200D, 0x1F33E],
    &[0x1F468, 0x200D, 0x1F373],
    &[0x1F468, 0x200D, 0x1F37C],
    &[0x1F468, 0x200D, 0x1F393],
    &[0x1F468, 0x200D, 0x1F3A4],
    &[0x1F468, 0x200D, 0x1F3A8],
    &[0x1F468, 0x200D, 0x1F3EB],
    &[0x1F468, 0x200D, 0x1F3ED],
    &[0x1F468, 0x200D, 0x1F466],
    &[0x1F468, 0x200D, 0x1F466, 0x200D, 0x1F466],
    &[0x1F468, 0x200D, 0x1F467],
    &[0x1F468, 0x200D, 0x1F467, 0x200D, 0x1F466],
    &[0x1F468, 0x200D, 0x1F467, 0x200D, 0x1F467],
    &[0x1F468, 0x200D, 0x1F468, 0x200D, 0x1F466],
    &[0x1F468, 0x200D, 0x1F468, 0x200D, 0x1F466, 0x200D, 0x1F466],
    &[0x1F468, 0x200D, 0x1F468, 0x200D, 0x1F467],
    &[0x1F468, 0x200D, 0x1F468, 0x200D, 0x1F467, 0x200D, 0x1F466],
    &[0x1F468, 0x200D, 0x1F468, 0x200D, 0x1F467, 0x200D, 0x1F467],
    &[0x1F468, 0x200D, 0x1F469, 0x200D, 0x1F466],
    &[0x1F468, 0x200D, 0x1F469, 0x200D, 0x1F466, 0x200D, 0x1F466],
    &[0x1F468, 0x200D, 0x1F469, 0x200D, 0x1F467],
    &[0x1F468, 0x200D, 0x1F469, 0x200D, 0x1F467, 0x200D, 0x1F466],
    &[0x1F468, 0x200D, 0x1F469, 0x200D, 0x1F467, 0x200D, 0x1F467],
    &[0x1F468, 0x200D, 0x1F4BB],
    &[0x1F468, 0x200D, 0x1F4BC],
    &[0x1F468, 0x200D, 0x1F527],
    &[0x1F468, 0x200D, 0x1F52C],
    &[0x1F468, 0x200D, 0x1F680],
    &[0x1F468, 0x200D, 0x1F692],
    &[0x1F468, 0x200D, 0x1F9AF],
    &[0x1F468, 0x200D, 0x1F9AF, 0x200D, 0x27A1],
    &[0x1F468, 0x200D, 0x1F9AF, 0x200D, 0x27A1, 0xFE0F],
    &[0x1F468, 0x200D, 0x1F9B0],
    &[0x1F468, 0x200D, 0x1F9B1],
    &[0x1F468, 0x200D, 0x1F9B2],
    &[0x1F468, 0x200D, 0x1F9B3],
    &[0x1F468, 0x200D, 0x1F9BC],
    &[0x1F468, 0x200D, 0x1F9BC, 0x200D, 0x27A1],
    &[0x1F468, 0x200D, 0x1F9BC, 0x200D, 0x27A1, 0xFE0F],
    &[0x1F468, 0x200D, 0x1F9BD],
    &[0x1F468, 0x200D, 0x1F9BD, 0x200D, 0x27A1],
    &[0x1F468, 0x200D, 0x1F9BD, 0x200D, 0x27A1, 0xFE0F],
    &[0x1F468, 0x1F3FB],
    &[0x1F468, 0x1F3FB, 0x200D, 0x2695],
    &[0x1F468, 0x1F3FB, 0x200D, 0x2695, 0xFE0F],
    &[0x1F468, 0x1F3FB, 0x200D, 0x2696],
    &[0x1F468, 0x1F3FB, 0x200D, 0x2696, 0xFE0F],
    &[0x1F468, 0x1F3FB, 0x200D, 0x2708],
    &[0x1F468, 0x1F3FB, 0x200D, 0x2708, 0xFE0F],
    &[0x1F468, 0x1F3FB, 0x200D, 0x2764, 0x200D, 0x1F468, 0x1F3FB],
    &[0x1F468, 0x1F3FB, 0x200D, 0x2764, 0x200D, 0x1F468, 0x1F3FC],
    &[0x1F468, 0x1F3FB, 0x200D, 0x2764, 0x200D, 0x1F468, 0x1F3FD],
    &[0x1F468, 0x1F3FB, 0x200D, 0x2764, 0x200D, 0x1F468, 0x1F3FE],
    &[0x1F468, 0x1F3FB, 0x200D, 0x2764, 0x200D, 0x1F468, 0x1F3FF],
    &[
        0x1F468, 0x1F3FB, 0x200D, 0x2764, 0x200D, 0x1F48B, 0x200D, 0x1F468, 0x1F3FB,
    ],
    &[
        0x1F468, 0x1F3FB, 0x200D, 0x2764, 0x200D, 0x1F48B, 0x200D, 0x1F468, 0x1F3FC,
    ],
    &[
        0x1F468, 0x1F3FB, 0x200D, 0x2764, 0x200D, 0x1F48B, 0x200D, 0x1F468, 0x1F3FD,
    ],
    &[
        0x1F468, 0x1F3FB, 0x200D, 0x2764, 0x200D, 0x1F48B, 0x200D, 0x1F468, 0x1F3FE,
    ],
    &[
        0x1F468, 0x1F3FB, 0x200D, 0x2764, 0x200D, 0x1F48B, 0x200D, 0x1F468, 0x1F3FF,
    ],
    &[
        0x1F468, 0x1F3FB, 0x200D, 0x2764, 0xFE0F, 0x200D, 0x1F468, 0x1F3FB,
    ],
    &[
        0x1F468, 0x1F3FB, 0x200D, 0x2764, 0xFE0F, 0x200D, 0x1F468, 0x1F3FC,
    ],
    &[
        0x1F468, 0x1F3FB, 0x200D, 0x2764, 0xFE0F, 0x200D, 0x1F468, 0x1F3FD,
    ],
    &[
        0x1F468, 0x1F3FB, 0x200D, 0x2764, 0xFE0F, 0x200D, 0x1F468, 0x1F3FE,
    ],
    &[
        0x1F468, 0x1F3FB, 0x200D, 0x2764, 0xFE0F, 0x200D, 0x1F468, 0x1F3FF,
    ],
    &[
        0x1F468, 0x1F3FB, 0x200D, 0x2764, 0xFE0F, 0x200D, 0x1F48B, 0x200D, 0x1F468, 0x1F3FB,
    ],
    &[
        0x1F468, 0x1F3FB, 0x200D, 0x2764, 0xFE0F, 0x200D, 0x1F48B, 0x200D, 0x1F468, 0x1F3FC,
    ],
    &[
        0x1F468, 0x1F3FB, 0x200D, 0x2764, 0xFE0F, 0x200D, 0x1F48B, 0x200D, 0x1F468, 0x1F3FD,
    ],
    &[
        0x1F468, 0x1F3FB, 0x200D, 0x2764, 0xFE0F, 0x200D, 0x1F48B, 0x200D, 0x1F468, 0x1F3FE,
    ],
    &[
        0x1F468, 0x1F3FB, 0x200D, 0x2764, 0xFE0F, 0x200D, 0x1F48B, 0x200D, 0x1F468, 0x1F3FF,
    ],
    &[0x1F468, 0x1F3FB, 0x200D, 0x1F33E],
    &[0x1F468, 0x1F3FB, 0x200D, 0x1F373],
    &[0x1F468, 0x1F3FB, 0x200D, 0x1F37C],
    &[0x1F468, 0x1F3FB, 0x200D, 0x1F393],
    &[0x1F468, 0x1F3FB, 0x200D, 0x1F3A4],
    &[0x1F468, 0x1F3FB, 0x200D, 0x1F3A8],
    &[0x1F468, 0x1F3FB, 0x200D, 0x1F3EB],
    &[0x1F468, 0x1F3FB, 0x200D, 0x1F3ED],
    &[0x1F468, 0x1F3FB, 0x200D, 0x1F430, 0x200D, 0x1F468, 0x1F3FC],
    &[0x1F468, 0x1F3FB, 0x200D, 0x1F430, 0x200D, 0x1F468, 0x1F3FD],
    &[0x1F468, 0x1F3FB, 0x200D, 0x1F430, 0x200D, 0x1F468, 0x1F3FE],
    &[0x1F468, 0x1F3FB, 0x200D, 0x1F430, 0x200D, 0x1F468, 0x1F3FF],
    &[0x1F468, 0x1F3FB, 0x200D, 0x1F4BB],
    &[0x1F468, 0x1F3FB, 0x200D, 0x1F4BC],
    &[0x1F468, 0x1F3FB, 0x200D, 0x1F527],
    &[0x1F468, 0x1F3FB, 0x200D, 0x1F52C],
    &[0x1F468, 0x1F3FB, 0x200D, 0x1F680],
    &[0x1F468, 0x1F3FB, 0x200D, 0x1F692],
    &[0x1F468, 0x1F3FB, 0x200D, 0x1F91D, 0x200D, 0x1F468, 0x1F3FC],
    &[0x1F468, 0x1F3FB, 0x200D, 0x1F91D, 0x200D, 0x1F468, 0x1F3FD],
    &[0x1F468, 0x1F3FB, 0x200D, 0x1F91D, 0x200D, 0x1F468, 0x1F3FE],
    &[0x1F468, 0x1F3FB, 0x200D, 0x1F91D, 0x200D, 0x1F468, 0x1F3FF],
    &[0x1F468, 0x1F3FB, 0x200D, 0x1F9AF],
    &[0x1F468, 0x1F3FB, 0x200D, 0x1F9AF, 0x200D, 0x27A1],
    &[0x1F468, 0x1F3FB, 0x200D, 0x1F9AF, 0x200D, 0x27A1, 0xFE0F],
    &[0x1F468, 0x1F3FB, 0x200D, 0x1F9B0],
    &[0x1F468, 0x1F3FB, 0x200D, 0x1F9B1],
    &[0x1F468, 0x1F3FB, 0x200D, 0x1F9B2],
    &[0x1F468, 0x1F3FB, 0x200D, 0x1F9B3],
    &[0x1F468, 0x1F3FB, 0x200D, 0x1F9BC],
    &[0x1F468, 0x1F3FB, 0x200D, 0x1F9BC, 0x200D, 0x27A1],
    &[0x1F468, 0x1F3FB, 0x200D, 0x1F9BC, 0x200D, 0x27A1, 0xFE0F],
    &[0x1F468, 0x1F3FB, 0x200D, 0x1F9BD],
    &[0x1F468, 0x1F3FB, 0x200D, 0x1F9BD, 0x200D, 0x27A1],
    &[0x1F468, 0x1F3FB, 0x200D, 0x1F9BD, 0x200D, 0x27A1, 0xFE0F],
    &[0x1F468, 0x1F3FB, 0x200D, 0x1FAEF, 0x200D, 0x1F468, 0x1F3FC],
    &[0x1F468, 0x1F3FB, 0x200D, 0x1FAEF, 0x200D, 0x1F468, 0x1F3FD],
    &[0x1F468, 0x1F3FB, 0x200D, 0x1FAEF, 0x200D, 0x1F468, 0x1F3FE],
    &[0x1F468, 0x1F3FB, 0x200D, 0x1FAEF, 0x200D, 0x1F468, 0x1F3FF],
    &[0x1F468, 0x1F3FC],
    &[0x1F468, 0x1F3FC, 0x200D, 0x2695],
    &[0x1F468, 0x1F3FC, 0x200D, 0x2695, 0xFE0F],
    &[0x1F468, 0x1F3FC, 0x200D, 0x2696],
    &[0x1F468, 0x1F3FC, 0x200D, 0x2696, 0xFE0F],
    &[0x1F468, 0x1F3FC, 0x200D, 0x2708],
    &[0x1F468, 0x1F3FC, 0x200D, 0x2708, 0xFE0F],
    &[0x1F468, 0x1F3FC, 0x200D, 0x2764, 0x200D, 0x1F468, 0x1F3FB],
    &[0x1F468, 0x1F3FC, 0x200D, 0x2764, 0x200D, 0x1F468, 0x1F3FC],
    &[0x1F468, 0x1F3FC, 0x200D, 0x2764, 0x200D, 0x1F468, 0x1F3FD],
    &[0x1F468, 0x1F3FC, 0x200D, 0x2764, 0x200D, 0x1F468, 0x1F3FE],
    &[0x1F468, 0x1F3FC, 0x200D, 0x2764, 0x200D, 0x1F468, 0x1F3FF],
    &[
        0x1F468, 0x1F3FC, 0x200D, 0x2764, 0x200D, 0x1F48B, 0x200D, 0x1F468, 0x1F3FB,
    ],
    &[
        0x1F468, 0x1F3FC, 0x200D, 0x2764, 0x200D, 0x1F48B, 0x200D, 0x1F468, 0x1F3FC,
    ],
    &[
        0x1F468, 0x1F3FC, 0x200D, 0x2764, 0x200D, 0x1F48B, 0x200D, 0x1F468, 0x1F3FD,
    ],
    &[
        0x1F468, 0x1F3FC, 0x200D, 0x2764, 0x200D, 0x1F48B, 0x200D, 0x1F468, 0x1F3FE,
    ],
    &[
        0x1F468, 0x1F3FC, 0x200D, 0x2764, 0x200D, 0x1F48B, 0x200D, 0x1F468, 0x1F3FF,
    ],
    &[
        0x1F468, 0x1F3FC, 0x200D, 0x2764, 0xFE0F, 0x200D, 0x1F468, 0x1F3FB,
    ],
    &[
        0x1F468, 0x1F3FC, 0x200D, 0x2764, 0xFE0F, 0x200D, 0x1F468, 0x1F3FC,
    ],
    &[
        0x1F468, 0x1F3FC, 0x200D, 0x2764, 0xFE0F, 0x200D, 0x1F468, 0x1F3FD,
    ],
    &[
        0x1F468, 0x1F3FC, 0x200D, 0x2764, 0xFE0F, 0x200D, 0x1F468, 0x1F3FE,
    ],
    &[
        0x1F468, 0x1F3FC, 0x200D, 0x2764, 0xFE0F, 0x200D, 0x1F468, 0x1F3FF,
    ],
    &[
        0x1F468, 0x1F3FC, 0x200D, 0x2764, 0xFE0F, 0x200D, 0x1F48B, 0x200D, 0x1F468, 0x1F3FB,
    ],
    &[
        0x1F468, 0x1F3FC, 0x200D, 0x2764, 0xFE0F, 0x200D, 0x1F48B, 0x200D, 0x1F468, 0x1F3FC,
    ],
    &[
        0x1F468, 0x1F3FC, 0x200D, 0x2764, 0xFE0F, 0x200D, 0x1F48B, 0x200D, 0x1F468, 0x1F3FD,
    ],
    &[
        0x1F468, 0x1F3FC, 0x200D, 0x2764, 0xFE0F, 0x200D, 0x1F48B, 0x200D, 0x1F468, 0x1F3FE,
    ],
    &[
        0x1F468, 0x1F3FC, 0x200D, 0x2764, 0xFE0F, 0x200D, 0x1F48B, 0x200D, 0x1F468, 0x1F3FF,
    ],
    &[0x1F468, 0x1F3FC, 0x200D, 0x1F33E],
    &[0x1F468, 0x1F3FC, 0x200D, 0x1F373],
    &[0x1F468, 0x1F3FC, 0x200D, 0x1F37C],
    &[0x1F468, 0x1F3FC, 0x200D, 0x1F393],
    &[0x1F468, 0x1F3FC, 0x200D, 0x1F3A4],
    &[0x1F468, 0x1F3FC, 0x200D, 0x1F3A8],
    &[0x1F468, 0x1F3FC, 0x200D, 0x1F3EB],
    &[0x1F468, 0x1F3FC, 0x200D, 0x1F3ED],
    &[0x1F468, 0x1F3FC, 0x200D, 0x1F430, 0x200D, 0x1F468, 0x1F3FB],
    &[0x1F468, 0x1F3FC, 0x200D, 0x1F430, 0x200D, 0x1F468, 0x1F3FD],
    &[0x1F468, 0x1F3FC, 0x200D, 0x1F430, 0x200D, 0x1F468, 0x1F3FE],
    &[0x1F468, 0x1F3FC, 0x200D, 0x1F430, 0x200D, 0x1F468, 0x1F3FF],
    &[0x1F468, 0x1F3FC, 0x200D, 0x1F4BB],
    &[0x1F468, 0x1F3FC, 0x200D, 0x1F4BC],
    &[0x1F468, 0x1F3FC, 0x200D, 0x1F527],
    &[0x1F468, 0x1F3FC, 0x200D, 0x1F52C],
    &[0x1F468, 0x1F3FC, 0x200D, 0x1F680],
    &[0x1F468, 0x1F3FC, 0x200D, 0x1F692],
    &[0x1F468, 0x1F3FC, 0x200D, 0x1F91D, 0x200D, 0x1F468, 0x1F3FB],
    &[0x1F468, 0x1F3FC, 0x200D, 0x1F91D, 0x200D, 0x1F468, 0x1F3FD],
    &[0x1F468, 0x1F3FC, 0x200D, 0x1F91D, 0x200D, 0x1F468, 0x1F3FE],
    &[0x1F468, 0x1F3FC, 0x200D, 0x1F91D, 0x200D, 0x1F468, 0x1F3FF],
    &[0x1F468, 0x1F3FC, 0x200D, 0x1F9AF],
    &[0x1F468, 0x1F3FC, 0x200D, 0x1F9AF, 0x200D, 0x27A1],
    &[0x1F468, 0x1F3FC, 0x200D, 0x1F9AF, 0x200D, 0x27A1, 0xFE0F],
    &[0x1F468, 0x1F3FC, 0x200D, 0x1F9B0],
    &[0x1F468, 0x1F3FC, 0x200D, 0x1F9B1],
    &[0x1F468, 0x1F3FC, 0x200D, 0x1F9B2],
    &[0x1F468, 0x1F3FC, 0x200D, 0x1F9B3],
    &[0x1F468, 0x1F3FC, 0x200D, 0x1F9BC],
    &[0x1F468, 0x1F3FC, 0x200D, 0x1F9BC, 0x200D, 0x27A1],
    &[0x1F468, 0x1F3FC, 0x200D, 0x1F9BC, 0x200D, 0x27A1, 0xFE0F],
    &[0x1F468, 0x1F3FC, 0x200D, 0x1F9BD],
    &[0x1F468, 0x1F3FC, 0x200D, 0x1F9BD, 0x200D, 0x27A1],
    &[0x1F468, 0x1F3FC, 0x200D, 0x1F9BD, 0x200D, 0x27A1, 0xFE0F],
    &[0x1F468, 0x1F3FC, 0x200D, 0x1FAEF, 0x200D, 0x1F468, 0x1F3FB],
    &[0x1F468, 0x1F3FC, 0x200D, 0x1FAEF, 0x200D, 0x1F468, 0x1F3FD],
    &[0x1F468, 0x1F3FC, 0x200D, 0x1FAEF, 0x200D, 0x1F468, 0x1F3FE],
    &[0x1F468, 0x1F3FC, 0x200D, 0x1FAEF, 0x200D, 0x1F468, 0x1F3FF],
    &[0x1F468, 0x1F3FD],
    &[0x1F468, 0x1F3FD, 0x200D, 0x2695],
    &[0x1F468, 0x1F3FD, 0x200D, 0x2695, 0xFE0F],
    &[0x1F468, 0x1F3FD, 0x200D, 0x2696],
    &[0x1F468, 0x1F3FD, 0x200D, 0x2696, 0xFE0F],
    &[0x1F468, 0x1F3FD, 0x200D, 0x2708],
    &[0x1F468, 0x1F3FD, 0x200D, 0x2708, 0xFE0F],
    &[0x1F468, 0x1F3FD, 0x200D, 0x2764, 0x200D, 0x1F468, 0x1F3FB],
    &[0x1F468, 0x1F3FD, 0x200D, 0x2764, 0x200D, 0x1F468, 0x1F3FC],
    &[0x1F468, 0x1F3FD, 0x200D, 0x2764, 0x200D, 0x1F468, 0x1F3FD],
    &[0x1F468, 0x1F3FD, 0x200D, 0x2764, 0x200D, 0x1F468, 0x1F3FE],
    &[0x1F468, 0x1F3FD, 0x200D, 0x2764, 0x200D, 0x1F468, 0x1F3FF],
    &[
        0x1F468, 0x1F3FD, 0x200D, 0x2764, 0x200D, 0x1F48B, 0x200D, 0x1F468, 0x1F3FB,
    ],
    &[
        0x1F468, 0x1F3FD, 0x200D, 0x2764, 0x200D, 0x1F48B, 0x200D, 0x1F468, 0x1F3FC,
    ],
    &[
        0x1F468, 0x1F3FD, 0x200D, 0x2764, 0x200D, 0x1F48B, 0x200D, 0x1F468, 0x1F3FD,
    ],
    &[
        0x1F468, 0x1F3FD, 0x200D, 0x2764, 0x200D, 0x1F48B, 0x200D, 0x1F468, 0x1F3FE,
    ],
    &[
        0x1F468, 0x1F3FD, 0x200D, 0x2764, 0x200D, 0x1F48B, 0x200D, 0x1F468, 0x1F3FF,
    ],
    &[
        0x1F468, 0x1F3FD, 0x200D, 0x2764, 0xFE0F, 0x200D, 0x1F468, 0x1F3FB,
    ],
    &[
        0x1F468, 0x1F3FD, 0x200D, 0x2764, 0xFE0F, 0x200D, 0x1F468, 0x1F3FC,
    ],
    &[
        0x1F468, 0x1F3FD, 0x200D, 0x2764, 0xFE0F, 0x200D, 0x1F468, 0x1F3FD,
    ],
    &[
        0x1F468, 0x1F3FD, 0x200D, 0x2764, 0xFE0F, 0x200D, 0x1F468, 0x1F3FE,
    ],
    &[
        0x1F468, 0x1F3FD, 0x200D, 0x2764, 0xFE0F, 0x200D, 0x1F468, 0x1F3FF,
    ],
    &[
        0x1F468, 0x1F3FD, 0x200D, 0x2764, 0xFE0F, 0x200D, 0x1F48B, 0x200D, 0x1F468, 0x1F3FB,
    ],
    &[
        0x1F468, 0x1F3FD, 0x200D, 0x2764, 0xFE0F, 0x200D, 0x1F48B, 0x200D, 0x1F468, 0x1F3FC,
    ],
    &[
        0x1F468, 0x1F3FD, 0x200D, 0x2764, 0xFE0F, 0x200D, 0x1F48B, 0x200D, 0x1F468, 0x1F3FD,
    ],
    &[
        0x1F468, 0x1F3FD, 0x200D, 0x2764, 0xFE0F, 0x200D, 0x1F48B, 0x200D, 0x1F468, 0x1F3FE,
    ],
    &[
        0x1F468, 0x1F3FD, 0x200D, 0x2764, 0xFE0F, 0x200D, 0x1F48B, 0x200D, 0x1F468, 0x1F3FF,
    ],
    &[0x1F468, 0x1F3FD, 0x200D, 0x1F33E],
    &[0x1F468, 0x1F3FD, 0x200D, 0x1F373],
    &[0x1F468, 0x1F3FD, 0x200D, 0x1F37C],
    &[0x1F468, 0x1F3FD, 0x200D, 0x1F393],
    &[0x1F468, 0x1F3FD, 0x200D, 0x1F3A4],
    &[0x1F468, 0x1F3FD, 0x200D, 0x1F3A8],
    &[0x1F468, 0x1F3FD, 0x200D, 0x1F3EB],
    &[0x1F468, 0x1F3FD, 0x200D, 0x1F3ED],
    &[0x1F468, 0x1F3FD, 0x200D, 0x1F430, 0x200D, 0x1F468, 0x1F3FB],
    &[0x1F468, 0x1F3FD, 0x200D, 0x1F430, 0x200D, 0x1F468, 0x1F3FC],
    &[0x1F468, 0x1F3FD, 0x200D, 0x1F430, 0x200D, 0x1F468, 0x1F3FE],
    &[0x1F468, 0x1F3FD, 0x200D, 0x1F430, 0x200D, 0x1F468, 0x1F3FF],
    &[0x1F468, 0x1F3FD, 0x200D, 0x1F4BB],
    &[0x1F468, 0x1F3FD, 0x200D, 0x1F4BC],
    &[0x1F468, 0x1F3FD, 0x200D, 0x1F527],
    &[0x1F468, 0x1F3FD, 0x200D, 0x1F52C],
    &[0x1F468, 0x1F3FD, 0x200D, 0x1F680],
    &[0x1F468, 0x1F3FD, 0x200D, 0x1F692],
    &[0x1F468, 0x1F3FD, 0x200D, 0x1F91D, 0x200D, 0x1F468, 0x1F3FB],
    &[0x1F468, 0x1F3FD, 0x200D, 0x1F91D, 0x200D, 0x1F468, 0x1F3FC],
    &[0x1F468, 0x1F3FD, 0x200D, 0x1F91D, 0x200D, 0x1F468, 0x1F3FE],
    &[0x1F468, 0x1F3FD, 0x200D, 0x1F91D, 0x200D, 0x1F468, 0x1F3FF],
    &[0x1F468, 0x1F3FD, 0x200D, 0x1F9AF],
    &[0x1F468, 0x1F3FD, 0x200D, 0x1F9AF, 0x200D, 0x27A1],
    &[0x1F468, 0x1F3FD, 0x200D, 0x1F9AF, 0x200D, 0x27A1, 0xFE0F],
    &[0x1F468, 0x1F3FD, 0x200D, 0x1F9B0],
    &[0x1F468, 0x1F3FD, 0x200D, 0x1F9B1],
    &[0x1F468, 0x1F3FD, 0x200D, 0x1F9B2],
    &[0x1F468, 0x1F3FD, 0x200D, 0x1F9B3],
    &[0x1F468, 0x1F3FD, 0x200D, 0x1F9BC],
    &[0x1F468, 0x1F3FD, 0x200D, 0x1F9BC, 0x200D, 0x27A1],
    &[0x1F468, 0x1F3FD, 0x200D, 0x1F9BC, 0x200D, 0x27A1, 0xFE0F],
    &[0x1F468, 0x1F3FD, 0x200D, 0x1F9BD],
    &[0x1F468, 0x1F3FD, 0x200D, 0x1F9BD, 0x200D, 0x27A1],
    &[0x1F468, 0x1F3FD, 0x200D, 0x1F9BD, 0x200D, 0x27A1, 0xFE0F],
    &[0x1F468, 0x1F3FD, 0x200D, 0x1FAEF, 0x200D, 0x1F468, 0x1F3FB],
    &[0x1F468, 0x1F3FD, 0x200D, 0x1FAEF, 0x200D, 0x1F468, 0x1F3FC],
    &[0x1F468, 0x1F3FD, 0x200D, 0x1FAEF, 0x200D, 0x1F468, 0x1F3FE],
    &[0x1F468, 0x1F3FD, 0x200D, 0x1FAEF, 0x200D, 0x1F468, 0x1F3FF],
    &[0x1F468, 0x1F3FE],
    &[0x1F468, 0x1F3FE, 0x200D, 0x2695],
    &[0x1F468, 0x1F3FE, 0x200D, 0x2695, 0xFE0F],
    &[0x1F468, 0x1F3FE, 0x200D, 0x2696],
    &[0x1F468, 0x1F3FE, 0x200D, 0x2696, 0xFE0F],
    &[0x1F468, 0x1F3FE, 0x200D, 0x2708],
    &[0x1F468, 0x1F3FE, 0x200D, 0x2708, 0xFE0F],
    &[0x1F468, 0x1F3FE, 0x200D, 0x2764, 0x200D, 0x1F468, 0x1F3FB],
    &[0x1F468, 0x1F3FE, 0x200D, 0x2764, 0x200D, 0x1F468, 0x1F3FC],
    &[0x1F468, 0x1F3FE, 0x200D, 0x2764, 0x200D, 0x1F468, 0x1F3FD],
    &[0x1F468, 0x1F3FE, 0x200D, 0x2764, 0x200D, 0x1F468, 0x1F3FE],
    &[0x1F468, 0x1F3FE, 0x200D, 0x2764, 0x200D, 0x1F468, 0x1F3FF],
    &[
        0x1F468, 0x1F3FE, 0x200D, 0x2764, 0x200D, 0x1F48B, 0x200D, 0x1F468, 0x1F3FB,
    ],
    &[
        0x1F468, 0x1F3FE, 0x200D, 0x2764, 0x200D, 0x1F48B, 0x200D, 0x1F468, 0x1F3FC,
    ],
    &[
        0x1F468, 0x1F3FE, 0x200D, 0x2764, 0x200D, 0x1F48B, 0x200D, 0x1F468, 0x1F3FD,
    ],
    &[
        0x1F468, 0x1F3FE, 0x200D, 0x2764, 0x200D, 0x1F48B, 0x200D, 0x1F468, 0x1F3FE,
    ],
    &[
        0x1F468, 0x1F3FE, 0x200D, 0x2764, 0x200D, 0x1F48B, 0x200D, 0x1F468, 0x1F3FF,
    ],
    &[
        0x1F468, 0x1F3FE, 0x200D, 0x2764, 0xFE0F, 0x200D, 0x1F468, 0x1F3FB,
    ],
    &[
        0x1F468, 0x1F3FE, 0x200D, 0x2764, 0xFE0F, 0x200D, 0x1F468, 0x1F3FC,
    ],
    &[
        0x1F468, 0x1F3FE, 0x200D, 0x2764, 0xFE0F, 0x200D, 0x1F468, 0x1F3FD,
    ],
    &[
        0x1F468, 0x1F3FE, 0x200D, 0x2764, 0xFE0F, 0x200D, 0x1F468, 0x1F3FE,
    ],
    &[
        0x1F468, 0x1F3FE, 0x200D, 0x2764, 0xFE0F, 0x200D, 0x1F468, 0x1F3FF,
    ],
    &[
        0x1F468, 0x1F3FE, 0x200D, 0x2764, 0xFE0F, 0x200D, 0x1F48B, 0x200D, 0x1F468, 0x1F3FB,
    ],
    &[
        0x1F468, 0x1F3FE, 0x200D, 0x2764, 0xFE0F, 0x200D, 0x1F48B, 0x200D, 0x1F468, 0x1F3FC,
    ],
    &[
        0x1F468, 0x1F3FE, 0x200D, 0x2764, 0xFE0F, 0x200D, 0x1F48B, 0x200D, 0x1F468, 0x1F3FD,
    ],
    &[
        0x1F468, 0x1F3FE, 0x200D, 0x2764, 0xFE0F, 0x200D, 0x1F48B, 0x200D, 0x1F468, 0x1F3FE,
    ],
    &[
        0x1F468, 0x1F3FE, 0x200D, 0x2764, 0xFE0F, 0x200D, 0x1F48B, 0x200D, 0x1F468, 0x1F3FF,
    ],
    &[0x1F468, 0x1F3FE, 0x200D, 0x1F33E],
    &[0x1F468, 0x1F3FE, 0x200D, 0x1F373],
    &[0x1F468, 0x1F3FE, 0x200D, 0x1F37C],
    &[0x1F468, 0x1F3FE, 0x200D, 0x1F393],
    &[0x1F468, 0x1F3FE, 0x200D, 0x1F3A4],
    &[0x1F468, 0x1F3FE, 0x200D, 0x1F3A8],
    &[0x1F468, 0x1F3FE, 0x200D, 0x1F3EB],
    &[0x1F468, 0x1F3FE, 0x200D, 0x1F3ED],
    &[0x1F468, 0x1F3FE, 0x200D, 0x1F430, 0x200D, 0x1F468, 0x1F3FB],
    &[0x1F468, 0x1F3FE, 0x200D, 0x1F430, 0x200D, 0x1F468, 0x1F3FC],
    &[0x1F468, 0x1F3FE, 0x200D, 0x1F430, 0x200D, 0x1F468, 0x1F3FD],
    &[0x1F468, 0x1F3FE, 0x200D, 0x1F430, 0x200D, 0x1F468, 0x1F3FF],
    &[0x1F468, 0x1F3FE, 0x200D, 0x1F4BB],
    &[0x1F468, 0x1F3FE, 0x200D, 0x1F4BC],
    &[0x1F468, 0x1F3FE, 0x200D, 0x1F527],
    &[0x1F468, 0x1F3FE, 0x200D, 0x1F52C],
    &[0x1F468, 0x1F3FE, 0x200D, 0x1F680],
    &[0x1F468, 0x1F3FE, 0x200D, 0x1F692],
    &[0x1F468, 0x1F3FE, 0x200D, 0x1F91D, 0x200D, 0x1F468, 0x1F3FB],
    &[0x1F468, 0x1F3FE, 0x200D, 0x1F91D, 0x200D, 0x1F468, 0x1F3FC],
    &[0x1F468, 0x1F3FE, 0x200D, 0x1F91D, 0x200D, 0x1F468, 0x1F3FD],
    &[0x1F468, 0x1F3FE, 0x200D, 0x1F91D, 0x200D, 0x1F468, 0x1F3FF],
    &[0x1F468, 0x1F3FE, 0x200D, 0x1F9AF],
    &[0x1F468, 0x1F3FE, 0x200D, 0x1F9AF, 0x200D, 0x27A1],
    &[0x1F468, 0x1F3FE, 0x200D, 0x1F9AF, 0x200D, 0x27A1, 0xFE0F],
    &[0x1F468, 0x1F3FE, 0x200D, 0x1F9B0],
    &[0x1F468, 0x1F3FE, 0x200D, 0x1F9B1],
    &[0x1F468, 0x1F3FE, 0x200D, 0x1F9B2],
    &[0x1F468, 0x1F3FE, 0x200D, 0x1F9B3],
    &[0x1F468, 0x1F3FE, 0x200D, 0x1F9BC],
    &[0x1F468, 0x1F3FE, 0x200D, 0x1F9BC, 0x200D, 0x27A1],
    &[0x1F468, 0x1F3FE, 0x200D, 0x1F9BC, 0x200D, 0x27A1, 0xFE0F],
    &[0x1F468, 0x1F3FE, 0x200D, 0x1F9BD],
    &[0x1F468, 0x1F3FE, 0x200D, 0x1F9BD, 0x200D, 0x27A1],
    &[0x1F468, 0x1F3FE, 0x200D, 0x1F9BD, 0x200D, 0x27A1, 0xFE0F],
    &[0x1F468, 0x1F3FE, 0x200D, 0x1FAEF, 0x200D, 0x1F468, 0x1F3FB],
    &[0x1F468, 0x1F3FE, 0x200D, 0x1FAEF, 0x200D, 0x1F468, 0x1F3FC],
    &[0x1F468, 0x1F3FE, 0x200D, 0x1FAEF, 0x200D, 0x1F468, 0x1F3FD],
    &[0x1F468, 0x1F3FE, 0x200D, 0x1FAEF, 0x200D, 0x1F468, 0x1F3FF],
    &[0x1F468, 0x1F3FF],
    &[0x1F468, 0x1F3FF, 0x200D, 0x2695],
    &[0x1F468, 0x1F3FF, 0x200D, 0x2695, 0xFE0F],
    &[0x1F468, 0x1F3FF, 0x200D, 0x2696],
    &[0x1F468, 0x1F3FF, 0x200D, 0x2696, 0xFE0F],
    &[0x1F468, 0x1F3FF, 0x200D, 0x2708],
    &[0x1F468, 0x1F3FF, 0x200D, 0x2708, 0xFE0F],
    &[0x1F468, 0x1F3FF, 0x200D, 0x2764, 0x200D, 0x1F468, 0x1F3FB],
    &[0x1F468, 0x1F3FF, 0x200D, 0x2764, 0x200D, 0x1F468, 0x1F3FC],
    &[0x1F468, 0x1F3FF, 0x200D, 0x2764, 0x200D, 0x1F468, 0x1F3FD],
    &[0x1F468, 0x1F3FF, 0x200D, 0x2764, 0x200D, 0x1F468, 0x1F3FE],
    &[0x1F468, 0x1F3FF, 0x200D, 0x2764, 0x200D, 0x1F468, 0x1F3FF],
    &[
        0x1F468, 0x1F3FF, 0x200D, 0x2764, 0x200D, 0x1F48B, 0x200D, 0x1F468, 0x1F3FB,
    ],
    &[
        0x1F468, 0x1F3FF, 0x200D, 0x2764, 0x200D, 0x1F48B, 0x200D, 0x1F468, 0x1F3FC,
    ],
    &[
        0x1F468, 0x1F3FF, 0x200D, 0x2764, 0x200D, 0x1F48B, 0x200D, 0x1F468, 0x1F3FD,
    ],
    &[
        0x1F468, 0x1F3FF, 0x200D, 0x2764, 0x200D, 0x1F48B, 0x200D, 0x1F468, 0x1F3FE,
    ],
    &[
        0x1F468, 0x1F3FF, 0x200D, 0x2764, 0x200D, 0x1F48B, 0x200D, 0x1F468, 0x1F3FF,
    ],
    &[
        0x1F468, 0x1F3FF, 0x200D, 0x2764, 0xFE0F, 0x200D, 0x1F468, 0x1F3FB,
    ],
    &[
        0x1F468, 0x1F3FF, 0x200D, 0x2764, 0xFE0F, 0x200D, 0x1F468, 0x1F3FC,
    ],
    &[
        0x1F468, 0x1F3FF, 0x200D, 0x2764, 0xFE0F, 0x200D, 0x1F468, 0x1F3FD,
    ],
    &[
        0x1F468, 0x1F3FF, 0x200D, 0x2764, 0xFE0F, 0x200D, 0x1F468, 0x1F3FE,
    ],
    &[
        0x1F468, 0x1F3FF, 0x200D, 0x2764, 0xFE0F, 0x200D, 0x1F468, 0x1F3FF,
    ],
    &[
        0x1F468, 0x1F3FF, 0x200D, 0x2764, 0xFE0F, 0x200D, 0x1F48B, 0x200D, 0x1F468, 0x1F3FB,
    ],
    &[
        0x1F468, 0x1F3FF, 0x200D, 0x2764, 0xFE0F, 0x200D, 0x1F48B, 0x200D, 0x1F468, 0x1F3FC,
    ],
    &[
        0x1F468, 0x1F3FF, 0x200D, 0x2764, 0xFE0F, 0x200D, 0x1F48B, 0x200D, 0x1F468, 0x1F3FD,
    ],
    &[
        0x1F468, 0x1F3FF, 0x200D, 0x2764, 0xFE0F, 0x200D, 0x1F48B, 0x200D, 0x1F468, 0x1F3FE,
    ],
    &[
        0x1F468, 0x1F3FF, 0x200D, 0x2764, 0xFE0F, 0x200D, 0x1F48B, 0x200D, 0x1F468, 0x1F3FF,
    ],
    &[0x1F468, 0x1F3FF, 0x200D, 0x1F33E],
    &[0x1F468, 0x1F3FF, 0x200D, 0x1F373],
    &[0x1F468, 0x1F3FF, 0x200D, 0x1F37C],
    &[0x1F468, 0x1F3FF, 0x200D, 0x1F393],
    &[0x1F468, 0x1F3FF, 0x200D, 0x1F3A4],
    &[0x1F468, 0x1F3FF, 0x200D, 0x1F3A8],
    &[0x1F468, 0x1F3FF, 0x200D, 0x1F3EB],
    &[0x1F468, 0x1F3FF, 0x200D, 0x1F3ED],
    &[0x1F468, 0x1F3FF, 0x200D, 0x1F430, 0x200D, 0x1F468, 0x1F3FB],
    &[0x1F468, 0x1F3FF, 0x200D, 0x1F430, 0x200D, 0x1F468, 0x1F3FC],
    &[0x1F468, 0x1F3FF, 0x200D, 0x1F430, 0x200D, 0x1F468, 0x1F3FD],
    &[0x1F468, 0x1F3FF, 0x200D, 0x1F430, 0x200D, 0x1F468, 0x1F3FE],
    &[0x1F468, 0x1F3FF, 0x200D, 0x1F4BB],
    &[0x1F468, 0x1F3FF, 0x200D, 0x1F4BC],
    &[0x1F468, 0x1F3FF, 0x200D, 0x1F527],
    &[0x1F468, 0x1F3FF, 0x200D, 0x1F52C],
    &[0x1F468, 0x1F3FF, 0x200D, 0x1F680],
    &[0x1F468, 0x1F3FF, 0x200D, 0x1F692],
    &[0x1F468, 0x1F3FF, 0x200D, 0x1F91D, 0x200D, 0x1F468, 0x1F3FB],
    &[0x1F468, 0x1F3FF, 0x200D, 0x1F91D, 0x200D, 0x1F468, 0x1F3FC],
    &[0x1F468, 0x1F3FF, 0x200D, 0x1F91D, 0x200D, 0x1F468, 0x1F3FD],
    &[0x1F468, 0x1F3FF, 0x200D, 0x1F91D, 0x200D, 0x1F468, 0x1F3FE],
    &[0x1F468, 0x1F3FF, 0x200D, 0x1F9AF],
    &[0x1F468, 0x1F3FF, 0x200D, 0x1F9AF, 0x200D, 0x27A1],
    &[0x1F468, 0x1F3FF, 0x200D, 0x1F9AF, 0x200D, 0x27A1, 0xFE0F],
    &[0x1F468, 0x1F3FF, 0x200D, 0x1F9B0],
    &[0x1F468, 0x1F3FF, 0x200D, 0x1F9B1],
    &[0x1F468, 0x1F3FF, 0x200D, 0x1F9B2],
    &[0x1F468, 0x1F3FF, 0x200D, 0x1F9B3],
    &[0x1F468, 0x1F3FF, 0x200D, 0x1F9BC],
    &[0x1F468, 0x1F3FF, 0x200D, 0x1F9BC, 0x200D, 0x27A1],
    &[0x1F468, 0x1F3FF, 0x200D, 0x1F9BC, 0x200D, 0x27A1, 0xFE0F],
    &[0x1F468, 0x1F3FF, 0x200D, 0x1F9BD],
    &[0x1F468, 0x1F3FF, 0x200D, 0x1F9BD, 0x200D, 0x27A1],
    &[0x1F468, 0x1F3FF, 0x200D, 0x1F9BD, 0x200D, 0x27A1, 0xFE0F],
    &[0x1F468, 0x1F3FF, 0x200D, 0x1FAEF, 0x200D, 0x1F468, 0x1F3FB],
    &[0x1F468, 0x1F3FF, 0x200D, 0x1FAEF, 0x200D, 0x1F468, 0x1F3FC],
    &[0x1F468, 0x1F3FF, 0x200D, 0x1FAEF, 0x200D, 0x1F468, 0x1F3FD],
    &[0x1F468, 0x1F3FF, 0x200D, 0x1FAEF, 0x200D, 0x1F468, 0x1F3FE],
    &[0x1F469, 0x200D, 0x2695],
    &[0x1F469, 0x200D, 0x2695, 0xFE0F],
    &[0x1F469, 0x200D, 0x2696],
    &[0x1F469, 0x200D, 0x2696, 0xFE0F],
    &[0x1F469, 0x200D, 0x2708],
    &[0x1F469, 0x200D, 0x2708, 0xFE0F],
    &[0x1F469, 0x200D, 0x2764, 0x200D, 0x1F468],
    &[0x1F469, 0x200D, 0x2764, 0x200D, 0x1F469],
    &[0x1F469, 0x200D, 0x2764, 0x200D, 0x1F48B, 0x200D, 0x1F468],
    &[0x1F469, 0x200D, 0x2764, 0x200D, 0x1F48B, 0x200D, 0x1F469],
    &[0x1F469, 0x200D, 0x2764, 0xFE0F, 0x200D, 0x1F468],
    &[0x1F469, 0x200D, 0x2764, 0xFE0F, 0x200D, 0x1F469],
    &[
        0x1F469, 0x200D, 0x2764, 0xFE0F, 0x200D, 0x1F48B, 0x200D, 0x1F468,
    ],
    &[
        0x1F469, 0x200D, 0x2764, 0xFE0F, 0x200D, 0x1F48B, 0x200D, 0x1F469,
    ],
    &[0x1F469, 0x200D, 0x1F33E],
    &[0x1F469, 0x200D, 0x1F373],
    &[0x1F469, 0x200D, 0x1F37C],
    &[0x1F469, 0x200D, 0x1F393],
    &[0x1F469, 0x200D, 0x1F3A4],
    &[0x1F469, 0x200D, 0x1F3A8],
    &[0x1F469, 0x200D, 0x1F3EB],
    &[0x1F469, 0x200D, 0x1F3ED],
    &[0x1F469, 0x200D, 0x1F466],
    &[0x1F469, 0x200D, 0x1F466, 0x200D, 0x1F466],
    &[0x1F469, 0x200D, 0x1F467],
    &[0x1F469, 0x200D, 0x1F467, 0x200D, 0x1F466],
    &[0x1F469, 0x200D, 0x1F467, 0x200D, 0x1F467],
    &[0x1F469, 0x200D, 0x1F469, 0x200D, 0x1F466],
    &[0x1F469, 0x200D, 0x1F469, 0x200D, 0x1F466, 0x200D, 0x1F466],
    &[0x1F469, 0x200D, 0x1F469, 0x200D, 0x1F467],
    &[0x1F469, 0x200D, 0x1F469, 0x200D, 0x1F467, 0x200D, 0x1F466],
    &[0x1F469, 0x200D, 0x1F469, 0x200D, 0x1F467, 0x200D, 0x1F467],
    &[0x1F469, 0x200D, 0x1F4BB],
    &[0x1F469, 0x200D, 0x1F4BC],
    &[0x1F469, 0x200D, 0x1F527],
    &[0x1F469, 0x200D, 0x1F52C],
    &[0x1F469, 0x200D, 0x1F680],
    &[0x1F469, 0x200D, 0x1F692],
    &[0x1F469, 0x200D, 0x1F9AF],
    &[0x1F469, 0x200D, 0x1F9AF, 0x200D, 0x27A1],
    &[0x1F469, 0x200D, 0x1F9AF, 0x200D, 0x27A1, 0xFE0F],
    &[0x1F469, 0x200D, 0x1F9B0],
    &[0x1F469, 0x200D, 0x1F9B1],
    &[0x1F469, 0x200D, 0x1F9B2],
    &[0x1F469, 0x200D, 0x1F9B3],
    &[0x1F469, 0x200D, 0x1F9BC],
    &[0x1F469, 0x200D, 0x1F9BC, 0x200D, 0x27A1],
    &[0x1F469, 0x200D, 0x1F9BC, 0x200D, 0x27A1, 0xFE0F],
    &[0x1F469, 0x200D, 0x1F9BD],
    &[0x1F469, 0x200D, 0x1F9BD, 0x200D, 0x27A1],
    &[0x1F469, 0x200D, 0x1F9BD, 0x200D, 0x27A1, 0xFE0F],
    &[0x1F469, 0x1F3FB],
    &[0x1F469, 0x1F3FB, 0x200D, 0x2695],
    &[0x1F469, 0x1F3FB, 0x200D, 0x2695, 0xFE0F],
    &[0x1F469, 0x1F3FB, 0x200D, 0x2696],
    &[0x1F469, 0x1F3FB, 0x200D, 0x2696, 0xFE0F],
    &[0x1F469, 0x1F3FB, 0x200D, 0x2708],
    &[0x1F469, 0x1F3FB, 0x200D, 0x2708, 0xFE0F],
    &[0x1F469, 0x1F3FB, 0x200D, 0x2764, 0x200D, 0x1F468, 0x1F3FB],
    &[0x1F469, 0x1F3FB, 0x200D, 0x2764, 0x200D, 0x1F468, 0x1F3FC],
    &[0x1F469, 0x1F3FB, 0x200D, 0x2764, 0x200D, 0x1F468, 0x1F3FD],
    &[0x1F469, 0x1F3FB, 0x200D, 0x2764, 0x200D, 0x1F468, 0x1F3FE],
    &[0x1F469, 0x1F3FB, 0x200D, 0x2764, 0x200D, 0x1F468, 0x1F3FF],
    &[0x1F469, 0x1F3FB, 0x200D, 0x2764, 0x200D, 0x1F469, 0x1F3FB],
    &[0x1F469, 0x1F3FB, 0x200D, 0x2764, 0x200D, 0x1F469, 0x1F3FC],
    &[0x1F469, 0x1F3FB, 0x200D, 0x2764, 0x200D, 0x1F469, 0x1F3FD],
    &[0x1F469, 0x1F3FB, 0x200D, 0x2764, 0x200D, 0x1F469, 0x1F3FE],
    &[0x1F469, 0x1F3FB, 0x200D, 0x2764, 0x200D, 0x1F469, 0x1F3FF],
    &[
        0x1F469, 0x1F3FB, 0x200D, 0x2764, 0x200D, 0x1F48B, 0x200D, 0x1F468, 0x1F3FB,
    ],
    &[
        0x1F469, 0x1F3FB, 0x200D, 0x2764, 0x200D, 0x1F48B, 0x200D, 0x1F468, 0x1F3FC,
    ],
    &[
        0x1F469, 0x1F3FB, 0x200D, 0x2764, 0x200D, 0x1F48B, 0x200D, 0x1F468, 0x1F3FD,
    ],
    &[
        0x1F469, 0x1F3FB, 0x200D, 0x2764, 0x200D, 0x1F48B, 0x200D, 0x1F468, 0x1F3FE,
    ],
    &[
        0x1F469, 0x1F3FB, 0x200D, 0x2764, 0x200D, 0x1F48B, 0x200D, 0x1F468, 0x1F3FF,
    ],
    &[
        0x1F469, 0x1F3FB, 0x200D, 0x2764, 0x200D, 0x1F48B, 0x200D, 0x1F469, 0x1F3FB,
    ],
    &[
        0x1F469, 0x1F3FB, 0x200D, 0x2764, 0x200D, 0x1F48B, 0x200D, 0x1F469, 0x1F3FC,
    ],
    &[
        0x1F469, 0x1F3FB, 0x200D, 0x2764, 0x200D, 0x1F48B, 0x200D, 0x1F469, 0x1F3FD,
    ],
    &[
        0x1F469, 0x1F3FB, 0x200D, 0x2764, 0x200D, 0x1F48B, 0x200D, 0x1F469, 0x1F3FE,
    ],
    &[
        0x1F469, 0x1F3FB, 0x200D, 0x2764, 0x200D, 0x1F48B, 0x200D, 0x1F469, 0x1F3FF,
    ],
    &[
        0x1F469, 0x1F3FB, 0x200D, 0x2764, 0xFE0F, 0x200D, 0x1F468, 0x1F3FB,
    ],
    &[
        0x1F469, 0x1F3FB, 0x200D, 0x2764, 0xFE0F, 0x200D, 0x1F468, 0x1F3FC,
    ],
    &[
        0x1F469, 0x1F3FB, 0x200D, 0x2764, 0xFE0F, 0x200D, 0x1F468, 0x1F3FD,
    ],
    &[
        0x1F469, 0x1F3FB, 0x200D, 0x2764, 0xFE0F, 0x200D, 0x1F468, 0x1F3FE,
    ],
    &[
        0x1F469, 0x1F3FB, 0x200D, 0x2764, 0xFE0F, 0x200D, 0x1F468, 0x1F3FF,
    ],
    &[
        0x1F469, 0x1F3FB, 0x200D, 0x2764, 0xFE0F, 0x200D, 0x1F469, 0x1F3FB,
    ],
    &[
        0x1F469, 0x1F3FB, 0x200D, 0x2764, 0xFE0F, 0x200D, 0x1F469, 0x1F3FC,
    ],
    &[
        0x1F469, 0x1F3FB, 0x200D, 0x2764, 0xFE0F, 0x200D, 0x1F469, 0x1F3FD,
    ],
    &[
        0x1F469, 0x1F3FB, 0x200D, 0x2764, 0xFE0F, 0x200D, 0x1F469, 0x1F3FE,
    ],
    &[
        0x1F469, 0x1F3FB, 0x200D, 0x2764, 0xFE0F, 0x200D, 0x1F469, 0x1F3FF,
    ],
    &[
        0x1F469, 0x1F3FB, 0x200D, 0x2764, 0xFE0F, 0x200D, 0x1F48B, 0x200D, 0x1F468, 0x1F3FB,
    ],
    &[
        0x1F469, 0x1F3FB, 0x200D, 0x2764, 0xFE0F, 0x200D, 0x1F48B, 0x200D, 0x1F468, 0x1F3FC,
    ],
    &[
        0x1F469, 0x1F3FB, 0x200D, 0x2764, 0xFE0F, 0x200D, 0x1F48B, 0x200D, 0x1F468, 0x1F3FD,
    ],
    &[
        0x1F469, 0x1F3FB, 0x200D, 0x2764, 0xFE0F, 0x200D, 0x1F48B, 0x200D, 0x1F468, 0x1F3FE,
    ],
    &[
        0x1F469, 0x1F3FB, 0x200D, 0x2764, 0xFE0F, 0x200D, 0x1F48B, 0x200D, 0x1F468, 0x1F3FF,
    ],
    &[
        0x1F469, 0x1F3FB, 0x200D, 0x2764, 0xFE0F, 0x200D, 0x1F48B, 0x200D, 0x1F469, 0x1F3FB,
    ],
    &[
        0x1F469, 0x1F3FB, 0x200D, 0x2764, 0xFE0F, 0x200D, 0x1F48B, 0x200D, 0x1F469, 0x1F3FC,
    ],
    &[
        0x1F469, 0x1F3FB, 0x200D, 0x2764, 0xFE0F, 0x200D, 0x1F48B, 0x200D, 0x1F469, 0x1F3FD,
    ],
    &[
        0x1F469, 0x1F3FB, 0x200D, 0x2764, 0xFE0F, 0x200D, 0x1F48B, 0x200D, 0x1F469, 0x1F3FE,
    ],
    &[
        0x1F469, 0x1F3FB, 0x200D, 0x2764, 0xFE0F, 0x200D, 0x1F48B, 0x200D, 0x1F469, 0x1F3FF,
    ],
    &[0x1F469, 0x1F3FB, 0x200D, 0x1F33E],
    &[0x1F469, 0x1F3FB, 0x200D, 0x1F373],
    &[0x1F469, 0x1F3FB, 0x200D, 0x1F37C],
    &[0x1F469, 0x1F3FB, 0x200D, 0x1F393],
    &[0x1F469, 0x1F3FB, 0x200D, 0x1F3A4],
    &[0x1F469, 0x1F3FB, 0x200D, 0x1F3A8],
    &[0x1F469, 0x1F3FB, 0x200D, 0x1F3EB],
    &[0x1F469, 0x1F3FB, 0x200D, 0x1F3ED],
    &[0x1F469, 0x1F3FB, 0x200D, 0x1F430, 0x200D, 0x1F469, 0x1F3FC],
    &[0x1F469, 0x1F3FB, 0x200D, 0x1F430, 0x200D, 0x1F469, 0x1F3FD],
    &[0x1F469, 0x1F3FB, 0x200D, 0x1F430, 0x200D, 0x1F469, 0x1F3FE],
    &[0x1F469, 0x1F3FB, 0x200D, 0x1F430, 0x200D, 0x1F469, 0x1F3FF],
    &[0x1F469, 0x1F3FB, 0x200D, 0x1F4BB],
    &[0x1F469, 0x1F3FB, 0x200D, 0x1F4BC],
    &[0x1F469, 0x1F3FB, 0x200D, 0x1F527],
    &[0x1F469, 0x1F3FB, 0x200D, 0x1F52C],
    &[0x1F469, 0x1F3FB, 0x200D, 0x1F680],
    &[0x1F469, 0x1F3FB, 0x200D, 0x1F692],
    &[0x1F469, 0x1F3FB, 0x200D, 0x1F91D, 0x200D, 0x1F468, 0x1F3FC],
    &[0x1F469, 0x1F3FB, 0x200D, 0x1F91D, 0x200D, 0x1F468, 0x1F3FD],
    &[0x1F469, 0x1F3FB, 0x200D, 0x1F91D, 0x200D, 0x1F468, 0x1F3FE],
    &[0x1F469, 0x1F3FB, 0x200D, 0x1F91D, 0x200D, 0x1F468, 0x1F3FF],
    &[0x1F469, 0x1F3FB, 0x200D, 0x1F91D, 0x200D, 0x1F469, 0x1F3FC],
    &[0x1F469, 0x1F3FB, 0x200D, 0x1F91D, 0x200D, 0x1F469, 0x1F3FD],
    &[0x1F469, 0x1F3FB, 0x200D, 0x1F91D, 0x200D, 0x1F469, 0x1F3FE],
    &[0x1F469, 0x1F3FB, 0x200D, 0x1F91D, 0x200D, 0x1F469, 0x1F3FF],
    &[0x1F469, 0x1F3FB, 0x200D, 0x1F9AF],
    &[0x1F469, 0x1F3FB, 0x200D, 0x1F9AF, 0x200D, 0x27A1],
    &[0x1F469, 0x1F3FB, 0x200D, 0x1F9AF, 0x200D, 0x27A1, 0xFE0F],
    &[0x1F469, 0x1F3FB, 0x200D, 0x1F9B0],
    &[0x1F469, 0x1F3FB, 0x200D, 0x1F9B1],
    &[0x1F469, 0x1F3FB, 0x200D, 0x1F9B2],
    &[0x1F469, 0x1F3FB, 0x200D, 0x1F9B3],
    &[0x1F469, 0x1F3FB, 0x200D, 0x1F9BC],
    &[0x1F469, 0x1F3FB, 0x200D, 0x1F9BC, 0x200D, 0x27A1],
    &[0x1F469, 0x1F3FB, 0x200D, 0x1F9BC, 0x200D, 0x27A1, 0xFE0F],
    &[0x1F469, 0x1F3FB, 0x200D, 0x1F9BD],
    &[0x1F469, 0x1F3FB, 0x200D, 0x1F9BD, 0x200D, 0x27A1],
    &[0x1F469, 0x1F3FB, 0x200D, 0x1F9BD, 0x200D, 0x27A1, 0xFE0F],
    &[0x1F469, 0x1F3FB, 0x200D, 0x1FAEF, 0x200D, 0x1F469, 0x1F3FC],
    &[0x1F469, 0x1F3FB, 0x200D, 0x1FAEF, 0x200D, 0x1F469, 0x1F3FD],
    &[0x1F469, 0x1F3FB, 0x200D, 0x1FAEF, 0x200D, 0x1F469, 0x1F3FE],
    &[0x1F469, 0x1F3FB, 0x200D, 0x1FAEF, 0x200D, 0x1F469, 0x1F3FF],
    &[0x1F469, 0x1F3FC],
    &[0x1F469, 0x1F3FC, 0x200D, 0x2695],
    &[0x1F469, 0x1F3FC, 0x200D, 0x2695, 0xFE0F],
    &[0x1F469, 0x1F3FC, 0x200D, 0x2696],
    &[0x1F469, 0x1F3FC, 0x200D, 0x2696, 0xFE0F],
    &[0x1F469, 0x1F3FC, 0x200D, 0x2708],
    &[0x1F469, 0x1F3FC, 0x200D, 0x2708, 0xFE0F],
    &[0x1F469, 0x1F3FC, 0x200D, 0x2764, 0x200D, 0x1F468, 0x1F3FB],
    &[0x1F469, 0x1F3FC, 0x200D, 0x2764, 0x200D, 0x1F468, 0x1F3FC],
    &[0x1F469, 0x1F3FC, 0x200D, 0x2764, 0x200D, 0x1F468, 0x1F3FD],
    &[0x1F469, 0x1F3FC, 0x200D, 0x2764, 0x200D, 0x1F468, 0x1F3FE],
    &[0x1F469, 0x1F3FC, 0x200D, 0x2764, 0x200D, 0x1F468, 0x1F3FF],
    &[0x1F469, 0x1F3FC, 0x200D, 0x2764, 0x200D, 0x1F469, 0x1F3FB],
    &[0x1F469, 0x1F3FC, 0x200D, 0x2764, 0x200D, 0x1F469, 0x1F3FC],
    &[0x1F469, 0x1F3FC, 0x200D, 0x2764, 0x200D, 0x1F469, 0x1F3FD],
    &[0x1F469, 0x1F3FC, 0x200D, 0x2764, 0x200D, 0x1F469, 0x1F3FE],
    &[0x1F469, 0x1F3FC, 0x200D, 0x2764, 0x200D, 0x1F469, 0x1F3FF],
    &[
        0x1F469, 0x1F3FC, 0x200D, 0x2764, 0x200D, 0x1F48B, 0x200D, 0x1F468, 0x1F3FB,
    ],
    &[
        0x1F469, 0x1F3FC, 0x200D, 0x2764, 0x200D, 0x1F48B, 0x200D, 0x1F468, 0x1F3FC,
    ],
    &[
        0x1F469, 0x1F3FC, 0x200D, 0x2764, 0x200D, 0x1F48B, 0x200D, 0x1F468, 0x1F3FD,
    ],
    &[
        0x1F469, 0x1F3FC, 0x200D, 0x2764, 0x200D, 0x1F48B, 0x200D, 0x1F468, 0x1F3FE,
    ],
    &[
        0x1F469, 0x1F3FC, 0x200D, 0x2764, 0x200D, 0x1F48B, 0x200D, 0x1F468, 0x1F3FF,
    ],
    &[
        0x1F469, 0x1F3FC, 0x200D, 0x2764, 0x200D, 0x1F48B, 0x200D, 0x1F469, 0x1F3FB,
    ],
    &[
        0x1F469, 0x1F3FC, 0x200D, 0x2764, 0x200D, 0x1F48B, 0x200D, 0x1F469, 0x1F3FC,
    ],
    &[
        0x1F469, 0x1F3FC, 0x200D, 0x2764, 0x200D, 0x1F48B, 0x200D, 0x1F469, 0x1F3FD,
    ],
    &[
        0x1F469, 0x1F3FC, 0x200D, 0x2764, 0x200D, 0x1F48B, 0x200D, 0x1F469, 0x1F3FE,
    ],
    &[
        0x1F469, 0x1F3FC, 0x200D, 0x2764, 0x200D, 0x1F48B, 0x200D, 0x1F469, 0x1F3FF,
    ],
    &[
        0x1F469, 0x1F3FC, 0x200D, 0x2764, 0xFE0F, 0x200D, 0x1F468, 0x1F3FB,
    ],
    &[
        0x1F469, 0x1F3FC, 0x200D, 0x2764, 0xFE0F, 0x200D, 0x1F468, 0x1F3FC,
    ],
    &[
        0x1F469, 0x1F3FC, 0x200D, 0x2764, 0xFE0F, 0x200D, 0x1F468, 0x1F3FD,
    ],
    &[
        0x1F469, 0x1F3FC, 0x200D, 0x2764, 0xFE0F, 0x200D, 0x1F468, 0x1F3FE,
    ],
    &[
        0x1F469, 0x1F3FC, 0x200D, 0x2764, 0xFE0F, 0x200D, 0x1F468, 0x1F3FF,
    ],
    &[
        0x1F469, 0x1F3FC, 0x200D, 0x2764, 0xFE0F, 0x200D, 0x1F469, 0x1F3FB,
    ],
    &[
        0x1F469, 0x1F3FC, 0x200D, 0x2764, 0xFE0F, 0x200D, 0x1F469, 0x1F3FC,
    ],
    &[
        0x1F469, 0x1F3FC, 0x200D, 0x2764, 0xFE0F, 0x200D, 0x1F469, 0x1F3FD,
    ],
    &[
        0x1F469, 0x1F3FC, 0x200D, 0x2764, 0xFE0F, 0x200D, 0x1F469, 0x1F3FE,
    ],
    &[
        0x1F469, 0x1F3FC, 0x200D, 0x2764, 0xFE0F, 0x200D, 0x1F469, 0x1F3FF,
    ],
    &[
        0x1F469, 0x1F3FC, 0x200D, 0x2764, 0xFE0F, 0x200D, 0x1F48B, 0x200D, 0x1F468, 0x1F3FB,
    ],
    &[
        0x1F469, 0x1F3FC, 0x200D, 0x2764, 0xFE0F, 0x200D, 0x1F48B, 0x200D, 0x1F468, 0x1F3FC,
    ],
    &[
        0x1F469, 0x1F3FC, 0x200D, 0x2764, 0xFE0F, 0x200D, 0x1F48B, 0x200D, 0x1F468, 0x1F3FD,
    ],
    &[
        0x1F469, 0x1F3FC, 0x200D, 0x2764, 0xFE0F, 0x200D, 0x1F48B, 0x200D, 0x1F468, 0x1F3FE,
    ],
    &[
        0x1F469, 0x1F3FC, 0x200D, 0x2764, 0xFE0F, 0x200D, 0x1F48B, 0x200D, 0x1F468, 0x1F3FF,
    ],
    &[
        0x1F469, 0x1F3FC, 0x200D, 0x2764, 0xFE0F, 0x200D, 0x1F48B, 0x200D, 0x1F469, 0x1F3FB,
    ],
    &[
        0x1F469, 0x1F3FC, 0x200D, 0x2764, 0xFE0F, 0x200D, 0x1F48B, 0x200D, 0x1F469, 0x1F3FC,
    ],
    &[
        0x1F469, 0x1F3FC, 0x200D, 0x2764, 0xFE0F, 0x200D, 0x1F48B, 0x200D, 0x1F469, 0x1F3FD,
    ],
    &[
        0x1F469, 0x1F3FC, 0x200D, 0x2764, 0xFE0F, 0x200D, 0x1F48B, 0x200D, 0x1F469, 0x1F3FE,
    ],
    &[
        0x1F469, 0x1F3FC, 0x200D, 0x2764, 0xFE0F, 0x200D, 0x1F48B, 0x200D, 0x1F469, 0x1F3FF,
    ],
    &[0x1F469, 0x1F3FC, 0x200D, 0x1F33E],
    &[0x1F469, 0x1F3FC, 0x200D, 0x1F373],
    &[0x1F469, 0x1F3FC, 0x200D, 0x1F37C],
    &[0x1F469, 0x1F3FC, 0x200D, 0x1F393],
    &[0x1F469, 0x1F3FC, 0x200D, 0x1F3A4],
    &[0x1F469, 0x1F3FC, 0x200D, 0x1F3A8],
    &[0x1F469, 0x1F3FC, 0x200D, 0x1F3EB],
    &[0x1F469, 0x1F3FC, 0x200D, 0x1F3ED],
    &[0x1F469, 0x1F3FC, 0x200D, 0x1F430, 0x200D, 0x1F469, 0x1F3FB],
    &[0x1F469, 0x1F3FC, 0x200D, 0x1F430, 0x200D, 0x1F469, 0x1F3FD],
    &[0x1F469, 0x1F3FC, 0x200D, 0x1F430, 0x200D, 0x1F469, 0x1F3FE],
    &[0x1F469, 0x1F3FC, 0x200D, 0x1F430, 0x200D, 0x1F469, 0x1F3FF],
    &[0x1F469, 0x1F3FC, 0x200D, 0x1F4BB],
    &[0x1F469, 0x1F3FC, 0x200D, 0x1F4BC],
    &[0x1F469, 0x1F3FC, 0x200D, 0x1F527],
    &[0x1F469, 0x1F3FC, 0x200D, 0x1F52C],
    &[0x1F469, 0x1F3FC, 0x200D, 0x1F680],
    &[0x1F469, 0x1F3FC, 0x200D, 0x1F692],
    &[0x1F469, 0x1F3FC, 0x200D, 0x1F91D, 0x200D, 0x1F468, 0x1F3FB],
    &[0x1F469, 0x1F3FC, 0x200D, 0x1F91D, 0x200D, 0x1F468, 0x1F3FD],
    &[0x1F469, 0x1F3FC, 0x200D, 0x1F91D, 0x200D, 0x1F468, 0x1F3FE],
    &[0x1F469, 0x1F3FC, 0x200D, 0x1F91D, 0x200D, 0x1F468, 0x1F3FF],
    &[0x1F469, 0x1F3FC, 0x200D, 0x1F91D, 0x200D, 0x1F469, 0x1F3FB],
    &[0x1F469, 0x1F3FC, 0x200D, 0x1F91D, 0x200D, 0x1F469, 0x1F3FD],
    &[0x1F469, 0x1F3FC, 0x200D, 0x1F91D, 0x200D, 0x1F469, 0x1F3FE],
    &[0x1F469, 0x1F3FC, 0x200D, 0x1F91D, 0x200D, 0x1F469, 0x1F3FF],
    &[0x1F469, 0x1F3FC, 0x200D, 0x1F9AF],
    &[0x1F469, 0x1F3FC, 0x200D, 0x1F9AF, 0x200D, 0x27A1],
    &[0x1F469, 0x1F3FC, 0x200D, 0x1F9AF, 0x200D, 0x27A1, 0xFE0F],
    &[0x1F469, 0x1F3FC, 0x200D, 0x1F9B0],
    &[0x1F469, 0x1F3FC, 0x200D, 0x1F9B1],
    &[0x1F469, 0x1F3FC, 0x200D, 0x1F9B2],
    &[0x1F469, 0x1F3FC, 0x200D, 0x1F9B3],
    &[0x1F469, 0x1F3FC, 0x200D, 0x1F9BC],
    &[0x1F469, 0x1F3FC, 0x200D, 0x1F9BC, 0x200D, 0x27A1],
    &[0x1F469, 0x1F3FC, 0x200D, 0x1F9BC, 0x200D, 0x27A1, 0xFE0F],
    &[0x1F469, 0x1F3FC, 0x200D, 0x1F9BD],
    &[0x1F469, 0x1F3FC, 0x200D, 0x1F9BD, 0x200D, 0x27A1],
    &[0x1F469, 0x1F3FC, 0x200D, 0x1F9BD, 0x200D, 0x27A1, 0xFE0F],
    &[0x1F469, 0x1F3FC, 0x200D, 0x1FAEF, 0x200D, 0x1F469, 0x1F3FB],
    &[0x1F469, 0x1F3FC, 0x200D, 0x1FAEF, 0x200D, 0x1F469, 0x1F3FD],
    &[0x1F469, 0x1F3FC, 0x200D, 0x1FAEF, 0x200D, 0x1F469, 0x1F3FE],
    &[0x1F469, 0x1F3FC, 0x200D, 0x1FAEF, 0x200D, 0x1F469, 0x1F3FF],
    &[0x1F469, 0x1F3FD],
    &[0x1F469, 0x1F3FD, 0x200D, 0x2695],
    &[0x1F469, 0x1F3FD, 0x200D, 0x2695, 0xFE0F],
    &[0x1F469, 0x1F3FD, 0x200D, 0x2696],
    &[0x1F469, 0x1F3FD, 0x200D, 0x2696, 0xFE0F],
    &[0x1F469, 0x1F3FD, 0x200D, 0x2708],
    &[0x1F469, 0x1F3FD, 0x200D, 0x2708, 0xFE0F],
    &[0x1F469, 0x1F3FD, 0x200D, 0x2764, 0x200D, 0x1F468, 0x1F3FB],
    &[0x1F469, 0x1F3FD, 0x200D, 0x2764, 0x200D, 0x1F468, 0x1F3FC],
    &[0x1F469, 0x1F3FD, 0x200D, 0x2764, 0x200D, 0x1F468, 0x1F3FD],
    &[0x1F469, 0x1F3FD, 0x200D, 0x2764, 0x200D, 0x1F468, 0x1F3FE],
    &[0x1F469, 0x1F3FD, 0x200D, 0x2764, 0x200D, 0x1F468, 0x1F3FF],
    &[0x1F469, 0x1F3FD, 0x200D, 0x2764, 0x200D, 0x1F469, 0x1F3FB],
    &[0x1F469, 0x1F3FD, 0x200D, 0x2764, 0x200D, 0x1F469, 0x1F3FC],
    &[0x1F469, 0x1F3FD, 0x200D, 0x2764, 0x200D, 0x1F469, 0x1F3FD],
    &[0x1F469, 0x1F3FD, 0x200D, 0x2764, 0x200D, 0x1F469, 0x1F3FE],
    &[0x1F469, 0x1F3FD, 0x200D, 0x2764, 0x200D, 0x1F469, 0x1F3FF],
    &[
        0x1F469, 0x1F3FD, 0x200D, 0x2764, 0x200D, 0x1F48B, 0x200D, 0x1F468, 0x1F3FB,
    ],
    &[
        0x1F469, 0x1F3FD, 0x200D, 0x2764, 0x200D, 0x1F48B, 0x200D, 0x1F468, 0x1F3FC,
    ],
    &[
        0x1F469, 0x1F3FD, 0x200D, 0x2764, 0x200D, 0x1F48B, 0x200D, 0x1F468, 0x1F3FD,
    ],
    &[
        0x1F469, 0x1F3FD, 0x200D, 0x2764, 0x200D, 0x1F48B, 0x200D, 0x1F468, 0x1F3FE,
    ],
    &[
        0x1F469, 0x1F3FD, 0x200D, 0x2764, 0x200D, 0x1F48B, 0x200D, 0x1F468, 0x1F3FF,
    ],
    &[
        0x1F469, 0x1F3FD, 0x200D, 0x2764, 0x200D, 0x1F48B, 0x200D, 0x1F469, 0x1F3FB,
    ],
    &[
        0x1F469, 0x1F3FD, 0x200D, 0x2764, 0x200D, 0x1F48B, 0x200D, 0x1F469, 0x1F3FC,
    ],
    &[
        0x1F469, 0x1F3FD, 0x200D, 0x2764, 0x200D, 0x1F48B, 0x200D, 0x1F469, 0x1F3FD,
    ],
    &[
        0x1F469, 0x1F3FD, 0x200D, 0x2764, 0x200D, 0x1F48B, 0x200D, 0x1F469, 0x1F3FE,
    ],
    &[
        0x1F469, 0x1F3FD, 0x200D, 0x2764, 0x200D, 0x1F48B, 0x200D, 0x1F469, 0x1F3FF,
    ],
    &[
        0x1F469, 0x1F3FD, 0x200D, 0x2764, 0xFE0F, 0x200D, 0x1F468, 0x1F3FB,
    ],
    &[
        0x1F469, 0x1F3FD, 0x200D, 0x2764, 0xFE0F, 0x200D, 0x1F468, 0x1F3FC,
    ],
    &[
        0x1F469, 0x1F3FD, 0x200D, 0x2764, 0xFE0F, 0x200D, 0x1F468, 0x1F3FD,
    ],
    &[
        0x1F469, 0x1F3FD, 0x200D, 0x2764, 0xFE0F, 0x200D, 0x1F468, 0x1F3FE,
    ],
    &[
        0x1F469, 0x1F3FD, 0x200D, 0x2764, 0xFE0F, 0x200D, 0x1F468, 0x1F3FF,
    ],
    &[
        0x1F469, 0x1F3FD, 0x200D, 0x2764, 0xFE0F, 0x200D, 0x1F469, 0x1F3FB,
    ],
    &[
        0x1F469, 0x1F3FD, 0x200D, 0x2764, 0xFE0F, 0x200D, 0x1F469, 0x1F3FC,
    ],
    &[
        0x1F469, 0x1F3FD, 0x200D, 0x2764, 0xFE0F, 0x200D, 0x1F469, 0x1F3FD,
    ],
    &[
        0x1F469, 0x1F3FD, 0x200D, 0x2764, 0xFE0F, 0x200D, 0x1F469, 0x1F3FE,
    ],
    &[
        0x1F469, 0x1F3FD, 0x200D, 0x2764, 0xFE0F, 0x200D, 0x1F469, 0x1F3FF,
    ],
    &[
        0x1F469, 0x1F3FD, 0x200D, 0x2764, 0xFE0F, 0x200D, 0x1F48B, 0x200D, 0x1F468, 0x1F3FB,
    ],
    &[
        0x1F469, 0x1F3FD, 0x200D, 0x2764, 0xFE0F, 0x200D, 0x1F48B, 0x200D, 0x1F468, 0x1F3FC,
    ],
    &[
        0x1F469, 0x1F3FD, 0x200D, 0x2764, 0xFE0F, 0x200D, 0x1F48B, 0x200D, 0x1F468, 0x1F3FD,
    ],
    &[
        0x1F469, 0x1F3FD, 0x200D, 0x2764, 0xFE0F, 0x200D, 0x1F48B, 0x200D, 0x1F468, 0x1F3FE,
    ],
    &[
        0x1F469, 0x1F3FD, 0x200D, 0x2764, 0xFE0F, 0x200D, 0x1F48B, 0x200D, 0x1F468, 0x1F3FF,
    ],
    &[
        0x1F469, 0x1F3FD, 0x200D, 0x2764, 0xFE0F, 0x200D, 0x1F48B, 0x200D, 0x1F469, 0x1F3FB,
    ],
    &[
        0x1F469, 0x1F3FD, 0x200D, 0x2764, 0xFE0F, 0x200D, 0x1F48B, 0x200D, 0x1F469, 0x1F3FC,
    ],
    &[
        0x1F469, 0x1F3FD, 0x200D, 0x2764, 0xFE0F, 0x200D, 0x1F48B, 0x200D, 0x1F469, 0x1F3FD,
    ],
    &[
        0x1F469, 0x1F3FD, 0x200D, 0x2764, 0xFE0F, 0x200D, 0x1F48B, 0x200D, 0x1F469, 0x1F3FE,
    ],
    &[
        0x1F469, 0x1F3FD, 0x200D, 0x2764, 0xFE0F, 0x200D, 0x1F48B, 0x200D, 0x1F469, 0x1F3FF,
    ],
    &[0x1F469, 0x1F3FD, 0x200D, 0x1F33E],
    &[0x1F469, 0x1F3FD, 0x200D, 0x1F373],
    &[0x1F469, 0x1F3FD, 0x200D, 0x1F37C],
    &[0x1F469, 0x1F3FD, 0x200D, 0x1F393],
    &[0x1F469, 0x1F3FD, 0x200D, 0x1F3A4],
    &[0x1F469, 0x1F3FD, 0x200D, 0x1F3A8],
    &[0x1F469, 0x1F3FD, 0x200D, 0x1F3EB],
    &[0x1F469, 0x1F3FD, 0x200D, 0x1F3ED],
    &[0x1F469, 0x1F3FD, 0x200D, 0x1F430, 0x200D, 0x1F469, 0x1F3FB],
    &[0x1F469, 0x1F3FD, 0x200D, 0x1F430, 0x200D, 0x1F469, 0x1F3FC],
    &[0x1F469, 0x1F3FD, 0x200D, 0x1F430, 0x200D, 0x1F469, 0x1F3FE],
    &[0x1F469, 0x1F3FD, 0x200D, 0x1F430, 0x200D, 0x1F469, 0x1F3FF],
    &[0x1F469, 0x1F3FD, 0x200D, 0x1F4BB],
    &[0x1F469, 0x1F3FD, 0x200D, 0x1F4BC],
    &[0x1F469, 0x1F3FD, 0x200D, 0x1F527],
    &[0x1F469, 0x1F3FD, 0x200D, 0x1F52C],
    &[0x1F469, 0x1F3FD, 0x200D, 0x1F680],
    &[0x1F469, 0x1F3FD, 0x200D, 0x1F692],
    &[0x1F469, 0x1F3FD, 0x200D, 0x1F91D, 0x200D, 0x1F468, 0x1F3FB],
    &[0x1F469, 0x1F3FD, 0x200D, 0x1F91D, 0x200D, 0x1F468, 0x1F3FC],
    &[0x1F469, 0x1F3FD, 0x200D, 0x1F91D, 0x200D, 0x1F468, 0x1F3FE],
    &[0x1F469, 0x1F3FD, 0x200D, 0x1F91D, 0x200D, 0x1F468, 0x1F3FF],
    &[0x1F469, 0x1F3FD, 0x200D, 0x1F91D, 0x200D, 0x1F469, 0x1F3FB],
    &[0x1F469, 0x1F3FD, 0x200D, 0x1F91D, 0x200D, 0x1F469, 0x1F3FC],
    &[0x1F469, 0x1F3FD, 0x200D, 0x1F91D, 0x200D, 0x1F469, 0x1F3FE],
    &[0x1F469, 0x1F3FD, 0x200D, 0x1F91D, 0x200D, 0x1F469, 0x1F3FF],
    &[0x1F469, 0x1F3FD, 0x200D, 0x1F9AF],
    &[0x1F469, 0x1F3FD, 0x200D, 0x1F9AF, 0x200D, 0x27A1],
    &[0x1F469, 0x1F3FD, 0x200D, 0x1F9AF, 0x200D, 0x27A1, 0xFE0F],
    &[0x1F469, 0x1F3FD, 0x200D, 0x1F9B0],
    &[0x1F469, 0x1F3FD, 0x200D, 0x1F9B1],
    &[0x1F469, 0x1F3FD, 0x200D, 0x1F9B2],
    &[0x1F469, 0x1F3FD, 0x200D, 0x1F9B3],
    &[0x1F469, 0x1F3FD, 0x200D, 0x1F9BC],
    &[0x1F469, 0x1F3FD, 0x200D, 0x1F9BC, 0x200D, 0x27A1],
    &[0x1F469, 0x1F3FD, 0x200D, 0x1F9BC, 0x200D, 0x27A1, 0xFE0F],
    &[0x1F469, 0x1F3FD, 0x200D, 0x1F9BD],
    &[0x1F469, 0x1F3FD, 0x200D, 0x1F9BD, 0x200D, 0x27A1],
    &[0x1F469, 0x1F3FD, 0x200D, 0x1F9BD, 0x200D, 0x27A1, 0xFE0F],
    &[0x1F469, 0x1F3FD, 0x200D, 0x1FAEF, 0x200D, 0x1F469, 0x1F3FB],
    &[0x1F469, 0x1F3FD, 0x200D, 0x1FAEF, 0x200D, 0x1F469, 0x1F3FC],
    &[0x1F469, 0x1F3FD, 0x200D, 0x1FAEF, 0x200D, 0x1F469, 0x1F3FE],
    &[0x1F469, 0x1F3FD, 0x200D, 0x1FAEF, 0x200D, 0x1F469, 0x1F3FF],
    &[0x1F469, 0x1F3FE],
    &[0x1F469, 0x1F3FE, 0x200D, 0x2695],
    &[0x1F469, 0x1F3FE, 0x200D, 0x2695, 0xFE0F],
    &[0x1F469, 0x1F3FE, 0x200D, 0x2696],
    &[0x1F469, 0x1F3FE, 0x200D, 0x2696, 0xFE0F],
    &[0x1F469, 0x1F3FE, 0x200D, 0x2708],
    &[0x1F469, 0x1F3FE, 0x200D, 0x2708, 0xFE0F],
    &[0x1F469, 0x1F3FE, 0x200D, 0x2764, 0x200D, 0x1F468, 0x1F3FB],
    &[0x1F469, 0x1F3FE, 0x200D, 0x2764, 0x200D, 0x1F468, 0x1F3FC],
    &[0x1F469, 0x1F3FE, 0x200D, 0x2764, 0x200D, 0x1F468, 0x1F3FD],
    &[0x1F469, 0x1F3FE, 0x200D, 0x2764, 0x200D, 0x1F468, 0x1F3FE],
    &[0x1F469, 0x1F3FE, 0x200D, 0x2764, 0x200D, 0x1F468, 0x1F3FF],
    &[0x1F469, 0x1F3FE, 0x200D, 0x2764, 0x200D, 0x1F469, 0x1F3FB],
    &[0x1F469, 0x1F3FE, 0x200D, 0x2764, 0x200D, 0x1F469, 0x1F3FC],
    &[0x1F469, 0x1F3FE, 0x200D, 0x2764, 0x200D, 0x1F469, 0x1F3FD],
    &[0x1F469, 0x1F3FE, 0x200D, 0x2764, 0x200D, 0x1F469, 0x1F3FE],
    &[0x1F469, 0x1F3FE, 0x200D, 0x2764, 0x200D, 0x1F469, 0x1F3FF],
    &[
        0x1F469, 0x1F3FE, 0x200D, 0x2764, 0x200D, 0x1F48B, 0x200D, 0x1F468, 0x1F3FB,
    ],
    &[
        0x1F469, 0x1F3FE, 0x200D, 0x2764, 0x200D, 0x1F48B, 0x200D, 0x1F468, 0x1F3FC,
    ],
    &[
        0x1F469, 0x1F3FE, 0x200D, 0x2764, 0x200D, 0x1F48B, 0x200D, 0x1F468, 0x1F3FD,
    ],
    &[
        0x1F469, 0x1F3FE, 0x200D, 0x2764, 0x200D, 0x1F48B, 0x200D, 0x1F468, 0x1F3FE,
    ],
    &[
        0x1F469, 0x1F3FE, 0x200D, 0x2764, 0x200D, 0x1F48B, 0x200D, 0x1F468, 0x1F3FF,
    ],
    &[
        0x1F469, 0x1F3FE, 0x200D, 0x2764, 0x200D, 0x1F48B, 0x200D, 0x1F469, 0x1F3FB,
    ],
    &[
        0x1F469, 0x1F3FE, 0x200D, 0x2764, 0x200D, 0x1F48B, 0x200D, 0x1F469, 0x1F3FC,
    ],
    &[
        0x1F469, 0x1F3FE, 0x200D, 0x2764, 0x200D, 0x1F48B, 0x200D, 0x1F469, 0x1F3FD,
    ],
    &[
        0x1F469, 0x1F3FE, 0x200D, 0x2764, 0x200D, 0x1F48B, 0x200D, 0x1F469, 0x1F3FE,
    ],
    &[
        0x1F469, 0x1F3FE, 0x200D, 0x2764, 0x200D, 0x1F48B, 0x200D, 0x1F469, 0x1F3FF,
    ],
    &[
        0x1F469, 0x1F3FE, 0x200D, 0x2764, 0xFE0F, 0x200D, 0x1F468, 0x1F3FB,
    ],
    &[
        0x1F469, 0x1F3FE, 0x200D, 0x2764, 0xFE0F, 0x200D, 0x1F468, 0x1F3FC,
    ],
    &[
        0x1F469, 0x1F3FE, 0x200D, 0x2764, 0xFE0F, 0x200D, 0x1F468, 0x1F3FD,
    ],
    &[
        0x1F469, 0x1F3FE, 0x200D, 0x2764, 0xFE0F, 0x200D, 0x1F468, 0x1F3FE,
    ],
    &[
        0x1F469, 0x1F3FE, 0x200D, 0x2764, 0xFE0F, 0x200D, 0x1F468, 0x1F3FF,
    ],
    &[
        0x1F469, 0x1F3FE, 0x200D, 0x2764, 0xFE0F, 0x200D, 0x1F469, 0x1F3FB,
    ],
    &[
        0x1F469, 0x1F3FE, 0x200D, 0x2764, 0xFE0F, 0x200D, 0x1F469, 0x1F3FC,
    ],
    &[
        0x1F469, 0x1F3FE, 0x200D, 0x2764, 0xFE0F, 0x200D, 0x1F469, 0x1F3FD,
    ],
    &[
        0x1F469, 0x1F3FE, 0x200D, 0x2764, 0xFE0F, 0x200D, 0x1F469, 0x1F3FE,
    ],
    &[
        0x1F469, 0x1F3FE, 0x200D, 0x2764, 0xFE0F, 0x200D, 0x1F469, 0x1F3FF,
    ],
    &[
        0x1F469, 0x1F3FE, 0x200D, 0x2764, 0xFE0F, 0x200D, 0x1F48B, 0x200D, 0x1F468, 0x1F3FB,
    ],
    &[
        0x1F469, 0x1F3FE, 0x200D, 0x2764, 0xFE0F, 0x200D, 0x1F48B, 0x200D, 0x1F468, 0x1F3FC,
    ],
    &[
        0x1F469, 0x1F3FE, 0x200D, 0x2764, 0xFE0F, 0x200D, 0x1F48B, 0x200D, 0x1F468, 0x1F3FD,
    ],
    &[
        0x1F469, 0x1F3FE, 0x200D, 0x2764, 0xFE0F, 0x200D, 0x1F48B, 0x200D, 0x1F468, 0x1F3FE,
    ],
    &[
        0x1F469, 0x1F3FE, 0x200D, 0x2764, 0xFE0F, 0x200D, 0x1F48B, 0x200D, 0x1F468, 0x1F3FF,
    ],
    &[
        0x1F469, 0x1F3FE, 0x200D, 0x2764, 0xFE0F, 0x200D, 0x1F48B, 0x200D, 0x1F469, 0x1F3FB,
    ],
    &[
        0x1F469, 0x1F3FE, 0x200D, 0x2764, 0xFE0F, 0x200D, 0x1F48B, 0x200D, 0x1F469, 0x1F3FC,
    ],
    &[
        0x1F469, 0x1F3FE, 0x200D, 0x2764, 0xFE0F, 0x200D, 0x1F48B, 0x200D, 0x1F469, 0x1F3FD,
    ],
    &[
        0x1F469, 0x1F3FE, 0x200D, 0x2764, 0xFE0F, 0x200D, 0x1F48B, 0x200D, 0x1F469, 0x1F3FE,
    ],
    &[
        0x1F469, 0x1F3FE, 0x200D, 0x2764, 0xFE0F, 0x200D, 0x1F48B, 0x200D, 0x1F469, 0x1F3FF,
    ],
    &[0x1F469, 0x1F3FE, 0x200D, 0x1F33E],
    &[0x1F469, 0x1F3FE, 0x200D, 0x1F373],
    &[0x1F469, 0x1F3FE, 0x200D, 0x1F37C],
    &[0x1F469, 0x1F3FE, 0x200D, 0x1F393],
    &[0x1F469, 0x1F3FE, 0x200D, 0x1F3A4],
    &[0x1F469, 0x1F3FE, 0x200D, 0x1F3A8],
    &[0x1F469, 0x1F3FE, 0x200D, 0x1F3EB],
    &[0x1F469, 0x1F3FE, 0x200D, 0x1F3ED],
    &[0x1F469, 0x1F3FE, 0x200D, 0x1F430, 0x200D, 0x1F469, 0x1F3FB],
    &[0x1F469, 0x1F3FE, 0x200D, 0x1F430, 0x200D, 0x1F469, 0x1F3FC],
    &[0x1F469, 0x1F3FE, 0x200D, 0x1F430, 0x200D, 0x1F469, 0x1F3FD],
    &[0x1F469, 0x1F3FE, 0x200D, 0x1F430, 0x200D, 0x1F469, 0x1F3FF],
    &[0x1F469, 0x1F3FE, 0x200D, 0x1F4BB],
    &[0x1F469, 0x1F3FE, 0x200D, 0x1F4BC],
    &[0x1F469, 0x1F3FE, 0x200D, 0x1F527],
    &[0x1F469, 0x1F3FE, 0x200D, 0x1F52C],
    &[0x1F469, 0x1F3FE, 0x200D, 0x1F680],
    &[0x1F469, 0x1F3FE, 0x200D, 0x1F692],
    &[0x1F469, 0x1F3FE, 0x200D, 0x1F91D, 0x200D, 0x1F468, 0x1F3FB],
    &[0x1F469, 0x1F3FE, 0x200D, 0x1F91D, 0x200D, 0x1F468, 0x1F3FC],
    &[0x1F469, 0x1F3FE, 0x200D, 0x1F91D, 0x200D, 0x1F468, 0x1F3FD],
    &[0x1F469, 0x1F3FE, 0x200D, 0x1F91D, 0x200D, 0x1F468, 0x1F3FF],
    &[0x1F469, 0x1F3FE, 0x200D, 0x1F91D, 0x200D, 0x1F469, 0x1F3FB],
    &[0x1F469, 0x1F3FE, 0x200D, 0x1F91D, 0x200D, 0x1F469, 0x1F3FC],
    &[0x1F469, 0x1F3FE, 0x200D, 0x1F91D, 0x200D, 0x1F469, 0x1F3FD],
    &[0x1F469, 0x1F3FE, 0x200D, 0x1F91D, 0x200D, 0x1F469, 0x1F3FF],
    &[0x1F469, 0x1F3FE, 0x200D, 0x1F9AF],
    &[0x1F469, 0x1F3FE, 0x200D, 0x1F9AF, 0x200D, 0x27A1],
    &[0x1F469, 0x1F3FE, 0x200D, 0x1F9AF, 0x200D, 0x27A1, 0xFE0F],
    &[0x1F469, 0x1F3FE, 0x200D, 0x1F9B0],
    &[0x1F469, 0x1F3FE, 0x200D, 0x1F9B1],
    &[0x1F469, 0x1F3FE, 0x200D, 0x1F9B2],
    &[0x1F469, 0x1F3FE, 0x200D, 0x1F9B3],
    &[0x1F469, 0x1F3FE, 0x200D, 0x1F9BC],
    &[0x1F469, 0x1F3FE, 0x200D, 0x1F9BC, 0x200D, 0x27A1],
    &[0x1F469, 0x1F3FE, 0x200D, 0x1F9BC, 0x200D, 0x27A1, 0xFE0F],
    &[0x1F469, 0x1F3FE, 0x200D, 0x1F9BD],
    &[0x1F469, 0x1F3FE, 0x200D, 0x1F9BD, 0x200D, 0x27A1],
    &[0x1F469, 0x1F3FE, 0x200D, 0x1F9BD, 0x200D, 0x27A1, 0xFE0F],
    &[0x1F469, 0x1F3FE, 0x200D, 0x1FAEF, 0x200D, 0x1F469, 0x1F3FB],
    &[0x1F469, 0x1F3FE, 0x200D, 0x1FAEF, 0x200D, 0x1F469, 0x1F3FC],
    &[0x1F469, 0x1F3FE, 0x200D, 0x1FAEF, 0x200D, 0x1F469, 0x1F3FD],
    &[0x1F469, 0x1F3FE, 0x200D, 0x1FAEF, 0x200D, 0x1F469, 0x1F3FF],
    &[0x1F469, 0x1F3FF],
    &[0x1F469, 0x1F3FF, 0x200D, 0x2695],
    &[0x1F469, 0x1F3FF, 0x200D, 0x2695, 0xFE0F],
    &[0x1F469, 0x1F3FF, 0x200D, 0x2696],
    &[0x1F469, 0x1F3FF, 0x200D, 0x2696, 0xFE0F],
    &[0x1F469, 0x1F3FF, 0x200D, 0x2708],
    &[0x1F469, 0x1F3FF, 0x200D, 0x2708, 0xFE0F],
    &[0x1F469, 0x1F3FF, 0x200D, 0x2764, 0x200D, 0x1F468, 0x1F3FB],
    &[0x1F469, 0x1F3FF, 0x200D, 0x2764, 0x200D, 0x1F468, 0x1F3FC],
    &[0x1F469, 0x1F3FF, 0x200D, 0x2764, 0x200D, 0x1F468, 0x1F3FD],
    &[0x1F469, 0x1F3FF, 0x200D, 0x2764, 0x200D, 0x1F468, 0x1F3FE],
    &[0x1F469, 0x1F3FF, 0x200D, 0x2764, 0x200D, 0x1F468, 0x1F3FF],
    &[0x1F469, 0x1F3FF, 0x200D, 0x2764, 0x200D, 0x1F469, 0x1F3FB],
    &[0x1F469, 0x1F3FF, 0x200D, 0x2764, 0x200D, 0x1F469, 0x1F3FC],
    &[0x1F469, 0x1F3FF, 0x200D, 0x2764, 0x200D, 0x1F469, 0x1F3FD],
    &[0x1F469, 0x1F3FF, 0x200D, 0x2764, 0x200D, 0x1F469, 0x1F3FE],
    &[0x1F469, 0x1F3FF, 0x200D, 0x2764, 0x200D, 0x1F469, 0x1F3FF],
    &[
        0x1F469, 0x1F3FF, 0x200D, 0x2764, 0x200D, 0x1F48B, 0x200D, 0x1F468, 0x1F3FB,
    ],
    &[
        0x1F469, 0x1F3FF, 0x200D, 0x2764, 0x200D, 0x1F48B, 0x200D, 0x1F468, 0x1F3FC,
    ],
    &[
        0x1F469, 0x1F3FF, 0x200D, 0x2764, 0x200D, 0x1F48B, 0x200D, 0x1F468, 0x1F3FD,
    ],
    &[
        0x1F469, 0x1F3FF, 0x200D, 0x2764, 0x200D, 0x1F48B, 0x200D, 0x1F468, 0x1F3FE,
    ],
    &[
        0x1F469, 0x1F3FF, 0x200D, 0x2764, 0x200D, 0x1F48B, 0x200D, 0x1F468, 0x1F3FF,
    ],
    &[
        0x1F469, 0x1F3FF, 0x200D, 0x2764, 0x200D, 0x1F48B, 0x200D, 0x1F469, 0x1F3FB,
    ],
    &[
        0x1F469, 0x1F3FF, 0x200D, 0x2764, 0x200D, 0x1F48B, 0x200D, 0x1F469, 0x1F3FC,
    ],
    &[
        0x1F469, 0x1F3FF, 0x200D, 0x2764, 0x200D, 0x1F48B, 0x200D, 0x1F469, 0x1F3FD,
    ],
    &[
        0x1F469, 0x1F3FF, 0x200D, 0x2764, 0x200D, 0x1F48B, 0x200D, 0x1F469, 0x1F3FE,
    ],
    &[
        0x1F469, 0x1F3FF, 0x200D, 0x2764, 0x200D, 0x1F48B, 0x200D, 0x1F469, 0x1F3FF,
    ],
    &[
        0x1F469, 0x1F3FF, 0x200D, 0x2764, 0xFE0F, 0x200D, 0x1F468, 0x1F3FB,
    ],
    &[
        0x1F469, 0x1F3FF, 0x200D, 0x2764, 0xFE0F, 0x200D, 0x1F468, 0x1F3FC,
    ],
    &[
        0x1F469, 0x1F3FF, 0x200D, 0x2764, 0xFE0F, 0x200D, 0x1F468, 0x1F3FD,
    ],
    &[
        0x1F469, 0x1F3FF, 0x200D, 0x2764, 0xFE0F, 0x200D, 0x1F468, 0x1F3FE,
    ],
    &[
        0x1F469, 0x1F3FF, 0x200D, 0x2764, 0xFE0F, 0x200D, 0x1F468, 0x1F3FF,
    ],
    &[
        0x1F469, 0x1F3FF, 0x200D, 0x2764, 0xFE0F, 0x200D, 0x1F469, 0x1F3FB,
    ],
    &[
        0x1F469, 0x1F3FF, 0x200D, 0x2764, 0xFE0F, 0x200D, 0x1F469, 0x1F3FC,
    ],
    &[
        0x1F469, 0x1F3FF, 0x200D, 0x2764, 0xFE0F, 0x200D, 0x1F469, 0x1F3FD,
    ],
    &[
        0x1F469, 0x1F3FF, 0x200D, 0x2764, 0xFE0F, 0x200D, 0x1F469, 0x1F3FE,
    ],
    &[
        0x1F469, 0x1F3FF, 0x200D, 0x2764, 0xFE0F, 0x200D, 0x1F469, 0x1F3FF,
    ],
    &[
        0x1F469, 0x1F3FF, 0x200D, 0x2764, 0xFE0F, 0x200D, 0x1F48B, 0x200D, 0x1F468, 0x1F3FB,
    ],
    &[
        0x1F469, 0x1F3FF, 0x200D, 0x2764, 0xFE0F, 0x200D, 0x1F48B, 0x200D, 0x1F468, 0x1F3FC,
    ],
    &[
        0x1F469, 0x1F3FF, 0x200D, 0x2764, 0xFE0F, 0x200D, 0x1F48B, 0x200D, 0x1F468, 0x1F3FD,
    ],
    &[
        0x1F469, 0x1F3FF, 0x200D, 0x2764, 0xFE0F, 0x200D, 0x1F48B, 0x200D, 0x1F468, 0x1F3FE,
    ],
    &[
        0x1F469, 0x1F3FF, 0x200D, 0x2764, 0xFE0F, 0x200D, 0x1F48B, 0x200D, 0x1F468, 0x1F3FF,
    ],
    &[
        0x1F469, 0x1F3FF, 0x200D, 0x2764, 0xFE0F, 0x200D, 0x1F48B, 0x200D, 0x1F469, 0x1F3FB,
    ],
    &[
        0x1F469, 0x1F3FF, 0x200D, 0x2764, 0xFE0F, 0x200D, 0x1F48B, 0x200D, 0x1F469, 0x1F3FC,
    ],
    &[
        0x1F469, 0x1F3FF, 0x200D, 0x2764, 0xFE0F, 0x200D, 0x1F48B, 0x200D, 0x1F469, 0x1F3FD,
    ],
    &[
        0x1F469, 0x1F3FF, 0x200D, 0x2764, 0xFE0F, 0x200D, 0x1F48B, 0x200D, 0x1F469, 0x1F3FE,
    ],
    &[
        0x1F469, 0x1F3FF, 0x200D, 0x2764, 0xFE0F, 0x200D, 0x1F48B, 0x200D, 0x1F469, 0x1F3FF,
    ],
    &[0x1F469, 0x1F3FF, 0x200D, 0x1F33E],
    &[0x1F469, 0x1F3FF, 0x200D, 0x1F373],
    &[0x1F469, 0x1F3FF, 0x200D, 0x1F37C],
    &[0x1F469, 0x1F3FF, 0x200D, 0x1F393],
    &[0x1F469, 0x1F3FF, 0x200D, 0x1F3A4],
    &[0x1F469, 0x1F3FF, 0x200D, 0x1F3A8],
    &[0x1F469, 0x1F3FF, 0x200D, 0x1F3EB],
    &[0x1F469, 0x1F3FF, 0x200D, 0x1F3ED],
    &[0x1F469, 0x1F3FF, 0x200D, 0x1F430, 0x200D, 0x1F469, 0x1F3FB],
    &[0x1F469, 0x1F3FF, 0x200D, 0x1F430, 0x200D, 0x1F469, 0x1F3FC],
    &[0x1F469, 0x1F3FF, 0x200D, 0x1F430, 0x200D, 0x1F469, 0x1F3FD],
    &[0x1F469, 0x1F3FF, 0x200D, 0x1F430, 0x200D, 0x1F469, 0x1F3FE],
    &[0x1F469, 0x1F3FF, 0x200D, 0x1F4BB],
    &[0x1F469, 0x1F3FF, 0x200D, 0x1F4BC],
    &[0x1F469, 0x1F3FF, 0x200D, 0x1F527],
    &[0x1F469, 0x1F3FF, 0x200D, 0x1F52C],
    &[0x1F469, 0x1F3FF, 0x200D, 0x1F680],
    &[0x1F469, 0x1F3FF, 0x200D, 0x1F692],
    &[0x1F469, 0x1F3FF, 0x200D, 0x1F91D, 0x200D, 0x1F468, 0x1F3FB],
    &[0x1F469, 0x1F3FF, 0x200D, 0x1F91D, 0x200D, 0x1F468, 0x1F3FC],
    &[0x1F469, 0x1F3FF, 0x200D, 0x1F91D, 0x200D, 0x1F468, 0x1F3FD],
    &[0x1F469, 0x1F3FF, 0x200D, 0x1F91D, 0x200D, 0x1F468, 0x1F3FE],
    &[0x1F469, 0x1F3FF, 0x200D, 0x1F91D, 0x200D, 0x1F469, 0x1F3FB],
    &[0x1F469, 0x1F3FF, 0x200D, 0x1F91D, 0x200D, 0x1F469, 0x1F3FC],
    &[0x1F469, 0x1F3FF, 0x200D, 0x1F91D, 0x200D, 0x1F469, 0x1F3FD],
    &[0x1F469, 0x1F3FF, 0x200D, 0x1F91D, 0x200D, 0x1F469, 0x1F3FE],
    &[0x1F469, 0x1F3FF, 0x200D, 0x1F9AF],
    &[0x1F469, 0x1F3FF, 0x200D, 0x1F9AF, 0x200D, 0x27A1],
    &[0x1F469, 0x1F3FF, 0x200D, 0x1F9AF, 0x200D, 0x27A1, 0xFE0F],
    &[0x1F469, 0x1F3FF, 0x200D, 0x1F9B0],
    &[0x1F469, 0x1F3FF, 0x200D, 0x1F9B1],
    &[0x1F469, 0x1F3FF, 0x200D, 0x1F9B2],
    &[0x1F469, 0x1F3FF, 0x200D, 0x1F9B3],
    &[0x1F469, 0x1F3FF, 0x200D, 0x1F9BC],
    &[0x1F469, 0x1F3FF, 0x200D, 0x1F9BC, 0x200D, 0x27A1],
    &[0x1F469, 0x1F3FF, 0x200D, 0x1F9BC, 0x200D, 0x27A1, 0xFE0F],
    &[0x1F469, 0x1F3FF, 0x200D, 0x1F9BD],
    &[0x1F469, 0x1F3FF, 0x200D, 0x1F9BD, 0x200D, 0x27A1],
    &[0x1F469, 0x1F3FF, 0x200D, 0x1F9BD, 0x200D, 0x27A1, 0xFE0F],
    &[0x1F469, 0x1F3FF, 0x200D, 0x1FAEF, 0x200D, 0x1F469, 0x1F3FB],
    &[0x1F469, 0x1F3FF, 0x200D, 0x1FAEF, 0x200D, 0x1F469, 0x1F3FC],
    &[0x1F469, 0x1F3FF, 0x200D, 0x1FAEF, 0x200D, 0x1F469, 0x1F3FD],
    &[0x1F469, 0x1F3FF, 0x200D, 0x1FAEF, 0x200D, 0x1F469, 0x1F3FE],
    &[0x1F46B, 0x1F3FB],
    &[0x1F46B, 0x1F3FC],
    &[0x1F46B, 0x1F3FD],
    &[0x1F46B, 0x1F3FE],
    &[0x1F46B, 0x1F3FF],
    &[0x1F46C, 0x1F3FB],
    &[0x1F46C, 0x1F3FC],
    &[0x1F46C, 0x1F3FD],
    &[0x1F46C, 0x1F3FE],
    &[0x1F46C, 0x1F3FF],
    &[0x1F46D, 0x1F3FB],
    &[0x1F46D, 0x1F3FC],
    &[0x1F46D, 0x1F3FD],
    &[0x1F46D, 0x1F3FE],
    &[0x1F46D, 0x1F3FF],
    &[0x1F46E, 0x200D, 0x2640],
    &[0x1F46E, 0x200D, 0x2640, 0xFE0F],
    &[0x1F46E, 0x200D, 0x2642],
    &[0x1F46E, 0x200D, 0x2642, 0xFE0F],
    &[0x1F46E, 0x1F3FB],
    &[0x1F46E, 0x1F3FB, 0x200D, 0x2640],
    &[0x1F46E, 0x1F3FB, 0x200D, 0x2640, 0xFE0F],
    &[0x1F46E, 0x1F3FB, 0x200D, 0x2642],
    &[0x1F46E, 0x1F3FB, 0x200D, 0x2642, 0xFE0F],
    &[0x1F46E, 0x1F3FC],
    &[0x1F46E, 0x1F3FC, 0x200D, 0x2640],
    &[0x1F46E, 0x1F3FC, 0x200D, 0x2640, 0xFE0F],
    &[0x1F46E, 0x1F3FC, 0x200D, 0x2642],
    &[0x1F46E, 0x1F3FC, 0x200D, 0x2642, 0xFE0F],
    &[0x1F46E, 0x1F3FD],
    &[0x1F46E, 0x1F3FD, 0x200D, 0x2640],
    &[0x1F46E, 0x1F3FD, 0x200D, 0x2640, 0xFE0F],
    &[0x1F46E, 0x1F3FD, 0x200D, 0x2642],
    &[0x1F46E, 0x1F3FD, 0x200D, 0x2642, 0xFE0F],
    &[0x1F46E, 0x1F3FE],
    &[0x1F46E, 0x1F3FE, 0x200D, 0x2640],
    &[0x1F46E, 0x1F3FE, 0x200D, 0x2640, 0xFE0F],
    &[0x1F46E, 0x1F3FE, 0x200D, 0x2642],
    &[0x1F46E, 0x1F3FE, 0x200D, 0x2642, 0xFE0F],
    &[0x1F46E, 0x1F3FF],
    &[0x1F46E, 0x1F3FF, 0x200D, 0x2640],
    &[0x1F46E, 0x1F3FF, 0x200D, 0x2640, 0xFE0F],
    &[0x1F46E, 0x1F3FF, 0x200D, 0x2642],
    &[0x1F46E, 0x1F3FF, 0x200D, 0x2642, 0xFE0F],
    &[0x1F46F, 0x200D, 0x2640],
    &[0x1F46F, 0x200D, 0x2640, 0xFE0F],
    &[0x1F46F, 0x200D, 0x2642],
    &[0x1F46F, 0x200D, 0x2642, 0xFE0F],
    &[0x1F46F, 0x1F3FB],
    &[0x1F46F, 0x1F3FB, 0x200D, 0x2640],
    &[0x1F46F, 0x1F3FB, 0x200D, 0x2640, 0xFE0F],
    &[0x1F46F, 0x1F3FB, 0x200D, 0x2642],
    &[0x1F46F, 0x1F3FB, 0x200D, 0x2642, 0xFE0F],
    &[0x1F46F, 0x1F3FC],
    &[0x1F46F, 0x1F3FC, 0x200D, 0x2640],
    &[0x1F46F, 0x1F3FC, 0x200D, 0x2640, 0xFE0F],
    &[0x1F46F, 0x1F3FC, 0x200D, 0x2642],
    &[0x1F46F, 0x1F3FC, 0x200D, 0x2642, 0xFE0F],
    &[0x1F46F, 0x1F3FD],
    &[0x1F46F, 0x1F3FD, 0x200D, 0x2640],
    &[0x1F46F, 0x1F3FD, 0x200D, 0x2640, 0xFE0F],
    &[0x1F46F, 0x1F3FD, 0x200D, 0x2642],
    &[0x1F46F, 0x1F3FD, 0x200D, 0x2642, 0xFE0F],
    &[0x1F46F, 0x1F3FE],
    &[0x1F46F, 0x1F3FE, 0x200D, 0x2640],
    &[0x1F46F, 0x1F3FE, 0x200D, 0x2640, 0xFE0F],
    &[0x1F46F, 0x1F3FE, 0x200D, 0x2642],
    &[0x1F46F, 0x1F3FE, 0x200D, 0x2642, 0xFE0F],
    &[0x1F46F, 0x1F3FF],
    &[0x1F46F, 0x1F3FF, 0x200D, 0x2640],
    &[0x1F46F, 0x1F3FF, 0x200D, 0x2640, 0xFE0F],
    &[0x1F46F, 0x1F3FF, 0x200D, 0x2642],
    &[0x1F46F, 0x1F3FF, 0x200D, 0x2642, 0xFE0F],
    &[0x1F470, 0x200D, 0x2640],
    &[0x1F470, 0x200D, 0x2640, 0xFE0F],
    &[0x1F470, 0x200D, 0x2642],
    &[0x1F470, 0x200D, 0x2642, 0xFE0F],
    &[0x1F470, 0x1F3FB],
    &[0x1F470, 0x1F3FB, 0x200D, 0x2640],
    &[0x1F470, 0x1F3FB, 0x200D, 0x2640, 0xFE0F],
    &[0x1F470, 0x1F3FB, 0x200D, 0x2642],
    &[0x1F470, 0x1F3FB, 0x200D, 0x2642, 0xFE0F],
    &[0x1F470, 0x1F3FC],
    &[0x1F470, 0x1F3FC, 0x200D, 0x2640],
    &[0x1F470, 0x1F3FC, 0x200D, 0x2640, 0xFE0F],
    &[0x1F470, 0x1F3FC, 0x200D, 0x2642],
    &[0x1F470, 0x1F3FC, 0x200D, 0x2642, 0xFE0F],
    &[0x1F470, 0x1F3FD],
    &[0x1F470, 0x1F3FD, 0x200D, 0x2640],
    &[0x1F470, 0x1F3FD, 0x200D, 0x2640, 0xFE0F],
    &[0x1F470, 0x1F3FD, 0x200D, 0x2642],
    &[0x1F470, 0x1F3FD, 0x200D, 0x2642, 0xFE0F],
    &[0x1F470, 0x1F3FE],
    &[0x1F470, 0x1F3FE, 0x200D, 0x2640],
    &[0x1F470, 0x1F3FE, 0x200D, 0x2640, 0xFE0F],
    &[0x1F470, 0x1F3FE, 0x200D, 0x2642],
    &[0x1F470, 0x1F3FE, 0x200D, 0x2642, 0xFE0F],
    &[0x1F470, 0x1F3FF],
    &[0x1F470, 0x1F3FF, 0x200D, 0x2640],
    &[0x1F470, 0x1F3FF, 0x200D, 0x2640, 0xFE0F],
    &[0x1F470, 0x1F3FF, 0x200D, 0x2642],
    &[0x1F470, 0x1F3FF, 0x200D, 0x2642, 0xFE0F],
    &[0x1F471, 0x200D, 0x2640],
    &[0x1F471, 0x200D, 0x2640, 0xFE0F],
    &[0x1F471, 0x200D, 0x2642],
    &[0x1F471, 0x200D, 0x2642, 0xFE0F],
    &[0x1F471, 0x1F3FB],
    &[0x1F471, 0x1F3FB, 0x200D, 0x2640],
    &[0x1F471, 0x1F3FB, 0x200D, 0x2640, 0xFE0F],
    &[0x1F471, 0x1F3FB, 0x200D, 0x2642],
    &[0x1F471, 0x1F3FB, 0x200D, 0x2642, 0xFE0F],
    &[0x1F471, 0x1F3FC],
    &[0x1F471, 0x1F3FC, 0x200D, 0x2640],
    &[0x1F471, 0x1F3FC, 0x200D, 0x2640, 0xFE0F],
    &[0x1F471, 0x1F3FC, 0x200D, 0x2642],
    &[0x1F471, 0x1F3FC, 0x200D, 0x2642, 0xFE0F],
    &[0x1F471, 0x1F3FD],
    &[0x1F471, 0x1F3FD, 0x200D, 0x2640],
    &[0x1F471, 0x1F3FD, 0x200D, 0x2640, 0xFE0F],
    &[0x1F471, 0x1F3FD, 0x200D, 0x2642],
    &[0x1F471, 0x1F3FD, 0x200D, 0x2642, 0xFE0F],
    &[0x1F471, 0x1F3FE],
    &[0x1F471, 0x1F3FE, 0x200D, 0x2640],
    &[0x1F471, 0x1F3FE, 0x200D, 0x2640, 0xFE0F],
    &[0x1F471, 0x1F3FE, 0x200D, 0x2642],
    &[0x1F471, 0x1F3FE, 0x200D, 0x2642, 0xFE0F],
    &[0x1F471, 0x1F3FF],
    &[0x1F471, 0x1F3FF, 0x200D, 0x2640],
    &[0x1F471, 0x1F3FF, 0x200D, 0x2640, 0xFE0F],
    &[0x1F471, 0x1F3FF, 0x200D, 0x2642],
    &[0x1F471, 0x1F3FF, 0x200D, 0x2642, 0xFE0F],
    &[0x1F472, 0x1F3FB],
    &[0x1F472, 0x1F3FC],
    &[0x1F472, 0x1F3FD],
    &[0x1F472, 0x1F3FE],
    &[0x1F472, 0x1F3FF],
    &[0x1F473, 0x200D, 0x2640],
    &[0x1F473, 0x200D, 0x2640, 0xFE0F],
    &[0x1F473, 0x200D, 0x2642],
    &[0x1F473, 0x200D, 0x2642, 0xFE0F],
    &[0x1F473, 0x1F3FB],
    &[0x1F473, 0x1F3FB, 0x200D, 0x2640],
    &[0x1F473, 0x1F3FB, 0x200D, 0x2640, 0xFE0F],
    &[0x1F473, 0x1F3FB, 0x200D, 0x2642],
    &[0x1F473, 0x1F3FB, 0x200D, 0x2642, 0xFE0F],
    &[0x1F473, 0x1F3FC],
    &[0x1F473, 0x1F3FC, 0x200D, 0x2640],
    &[0x1F473, 0x1F3FC, 0x200D, 0x2640, 0xFE0F],
    &[0x1F473, 0x1F3FC, 0x200D, 0x2642],
    &[0x1F473, 0x1F3FC, 0x200D, 0x2642, 0xFE0F],
    &[0x1F473, 0x1F3FD],
    &[0x1F473, 0x1F3FD, 0x200D, 0x2640],
    &[0x1F473, 0x1F3FD, 0x200D, 0x2640, 0xFE0F],
    &[0x1F473, 0x1F3FD, 0x200D, 0x2642],
    &[0x1F473, 0x1F3FD, 0x200D, 0x2642, 0xFE0F],
    &[0x1F473, 0x1F3FE],
    &[0x1F473, 0x1F3FE, 0x200D, 0x2640],
    &[0x1F473, 0x1F3FE, 0x200D, 0x2640, 0xFE0F],
    &[0x1F473, 0x1F3FE, 0x200D, 0x2642],
    &[0x1F473, 0x1F3FE, 0x200D, 0x2642, 0xFE0F],
    &[0x1F473, 0x1F3FF],
    &[0x1F473, 0x1F3FF, 0x200D, 0x2640],
    &[0x1F473, 0x1F3FF, 0x200D, 0x2640, 0xFE0F],
    &[0x1F473, 0x1F3FF, 0x200D, 0x2642],
    &[0x1F473, 0x1F3FF, 0x200D, 0x2642, 0xFE0F],
    &[0x1F474, 0x1F3FB],
    &[0x1F474, 0x1F3FC],
    &[0x1F474, 0x1F3FD],
    &[0x1F474, 0x1F3FE],
    &[0x1F474, 0x1F3FF],
    &[0x1F475, 0x1F3FB],
    &[0x1F475, 0x1F3FC],
    &[0x1F475, 0x1F3FD],
    &[0x1F475, 0x1F3FE],
    &[0x1F475, 0x1F3FF],
    &[0x1F476, 0x1F3FB],
    &[0x1F476, 0x1F3FC],
    &[0x1F476, 0x1F3FD],
    &[0x1F476, 0x1F3FE],
    &[0x1F476, 0x1F3FF],
    &[0x1F477, 0x200D, 0x2640],
    &[0x1F477, 0x200D, 0x2640, 0xFE0F],
    &[0x1F477, 0x200D, 0x2642],
    &[0x1F477, 0x200D, 0x2642, 0xFE0F],
    &[0x1F477, 0x1F3FB],
    &[0x1F477, 0x1F3FB, 0x200D, 0x2640],
    &[0x1F477, 0x1F3FB, 0x200D, 0x2640, 0xFE0F],
    &[0x1F477, 0x1F3FB, 0x200D, 0x2642],
    &[0x1F477, 0x1F3FB, 0x200D, 0x2642, 0xFE0F],
    &[0x1F477, 0x1F3FC],
    &[0x1F477, 0x1F3FC, 0x200D, 0x2640],
    &[0x1F477, 0x1F3FC, 0x200D, 0x2640, 0xFE0F],
    &[0x1F477, 0x1F3FC, 0x200D, 0x2642],
    &[0x1F477, 0x1F3FC, 0x200D, 0x2642, 0xFE0F],
    &[0x1F477, 0x1F3FD],
    &[0x1F477, 0x1F3FD, 0x200D, 0x2640],
    &[0x1F477, 0x1F3FD, 0x200D, 0x2640, 0xFE0F],
    &[0x1F477, 0x1F3FD, 0x200D, 0x2642],
    &[0x1F477, 0x1F3FD, 0x200D, 0x2642, 0xFE0F],
    &[0x1F477, 0x1F3FE],
    &[0x1F477, 0x1F3FE, 0x200D, 0x2640],
    &[0x1F477, 0x1F3FE, 0x200D, 0x2640, 0xFE0F],
    &[0x1F477, 0x1F3FE, 0x200D, 0x2642],
    &[0x1F477, 0x1F3FE, 0x200D, 0x2642, 0xFE0F],
    &[0x1F477, 0x1F3FF],
    &[0x1F477, 0x1F3FF, 0x200D, 0x2640],
    &[0x1F477, 0x1F3FF, 0x200D, 0x2640, 0xFE0F],
    &[0x1F477, 0x1F3FF, 0x200D, 0x2642],
    &[0x1F477, 0x1F3FF, 0x200D, 0x2642, 0xFE0F],
    &[0x1F478, 0x1F3FB],
    &[0x1F478, 0x1F3FC],
    &[0x1F478, 0x1F3FD],
    &[0x1F478, 0x1F3FE],
    &[0x1F478, 0x1F3FF],
    &[0x1F47C, 0x1F3FB],
    &[0x1F47C, 0x1F3FC],
    &[0x1F47C, 0x1F3FD],
    &[0x1F47C, 0x1F3FE],
    &[0x1F47C, 0x1F3FF],
    &[0x1F481, 0x200D, 0x2640],
    &[0x1F481, 0x200D, 0x2640, 0xFE0F],
    &[0x1F481, 0x200D, 0x2642],
    &[0x1F481, 0x200D, 0x2642, 0xFE0F],
    &[0x1F481, 0x1F3FB],
    &[0x1F481, 0x1F3FB, 0x200D, 0x2640],
    &[0x1F481, 0x1F3FB, 0x200D, 0x2640, 0xFE0F],
    &[0x1F481, 0x1F3FB, 0x200D, 0x2642],
    &[0x1F481, 0x1F3FB, 0x200D, 0x2642, 0xFE0F],
    &[0x1F481, 0x1F3FC],
    &[0x1F481, 0x1F3FC, 0x200D, 0x2640],
    &[0x1F481, 0x1F3FC, 0x200D, 0x2640, 0xFE0F],
    &[0x1F481, 0x1F3FC, 0x200D, 0x2642],
    &[0x1F481, 0x1F3FC, 0x200D, 0x2642, 0xFE0F],
    &[0x1F481, 0x1F3FD],
    &[0x1F481, 0x1F3FD, 0x200D, 0x2640],
    &[0x1F481, 0x1F3FD, 0x200D, 0x2640, 0xFE0F],
    &[0x1F481, 0x1F3FD, 0x200D, 0x2642],
    &[0x1F481, 0x1F3FD, 0x200D, 0x2642, 0xFE0F],
    &[0x1F481, 0x1F3FE],
    &[0x1F481, 0x1F3FE, 0x200D, 0x2640],
    &[0x1F481, 0x1F3FE, 0x200D, 0x2640, 0xFE0F],
    &[0x1F481, 0x1F3FE, 0x200D, 0x2642],
    &[0x1F481, 0x1F3FE, 0x200D, 0x2642, 0xFE0F],
    &[0x1F481, 0x1F3FF],
    &[0x1F481, 0x1F3FF, 0x200D, 0x2640],
    &[0x1F481, 0x1F3FF, 0x200D, 0x2640, 0xFE0F],
    &[0x1F481, 0x1F3FF, 0x200D, 0x2642],
    &[0x1F481, 0x1F3FF, 0x200D, 0x2642, 0xFE0F],
    &[0x1F482, 0x200D, 0x2640],
    &[0x1F482, 0x200D, 0x2640, 0xFE0F],
    &[0x1F482, 0x200D, 0x2642],
    &[0x1F482, 0x200D, 0x2642, 0xFE0F],
    &[0x1F482, 0x1F3FB],
    &[0x1F482, 0x1F3FB, 0x200D, 0x2640],
    &[0x1F482, 0x1F3FB, 0x200D, 0x2640, 0xFE0F],
    &[0x1F482, 0x1F3FB, 0x200D, 0x2642],
    &[0x1F482, 0x1F3FB, 0x200D, 0x2642, 0xFE0F],
    &[0x1F482, 0x1F3FC],
    &[0x1F482, 0x1F3FC, 0x200D, 0x2640],
    &[0x1F482, 0x1F3FC, 0x200D, 0x2640, 0xFE0F],
    &[0x1F482, 0x1F3FC, 0x200D, 0x2642],
    &[0x1F482, 0x1F3FC, 0x200D, 0x2642, 0xFE0F],
    &[0x1F482, 0x1F3FD],
    &[0x1F482, 0x1F3FD, 0x200D, 0x2640],
    &[0x1F482, 0x1F3FD, 0x200D, 0x2640, 0xFE0F],
    &[0x1F482, 0x1F3FD, 0x200D, 0x2642],
    &[0x1F482, 0x1F3FD, 0x200D, 0x2642, 0xFE0F],
    &[0x1F482, 0x1F3FE],
    &[0x1F482, 0x1F3FE, 0x200D, 0x2640],
    &[0x1F482, 0x1F3FE, 0x200D, 0x2640, 0xFE0F],
    &[0x1F482, 0x1F3FE, 0x200D, 0x2642],
    &[0x1F482, 0x1F3FE, 0x200D, 0x2642, 0xFE0F],
    &[0x1F482, 0x1F3FF],
    &[0x1F482, 0x1F3FF, 0x200D, 0x2640],
    &[0x1F482, 0x1F3FF, 0x200D, 0x2640, 0xFE0F],
    &[0x1F482, 0x1F3FF, 0x200D, 0x2642],
    &[0x1F482, 0x1F3FF, 0x200D, 0x2642, 0xFE0F],
    &[0x1F483, 0x1F3FB],
    &[0x1F483, 0x1F3FC],
    &[0x1F483, 0x1F3FD],
    &[0x1F483, 0x1F3FE],
    &[0x1F483, 0x1F3FF],
    &[0x1F485, 0x1F3FB],
    &[0x1F485, 0x1F3FC],
    &[0x1F485, 0x1F3FD],
    &[0x1F485, 0x1F3FE],
    &[0x1F485, 0x1F3FF],
    &[0x1F486, 0x200D, 0x2640],
    &[0x1F486, 0x200D, 0x2640, 0xFE0F],
    &[0x1F486, 0x200D, 0x2642],
    &[0x1F486, 0x200D, 0x2642, 0xFE0F],
    &[0x1F486, 0x1F3FB],
    &[0x1F486, 0x1F3FB, 0x200D, 0x2640],
    &[0x1F486, 0x1F3FB, 0x200D, 0x2640, 0xFE0F],
    &[0x1F486, 0x1F3FB, 0x200D, 0x2642],
    &[0x1F486, 0x1F3FB, 0x200D, 0x2642, 0xFE0F],
    &[0x1F486, 0x1F3FC],
    &[0x1F486, 0x1F3FC, 0x200D, 0x2640],
    &[0x1F486, 0x1F3FC, 0x200D, 0x2640, 0xFE0F],
    &[0x1F486, 0x1F3FC, 0x200D, 0x2642],
    &[0x1F486, 0x1F3FC, 0x200D, 0x2642, 0xFE0F],
    &[0x1F486, 0x1F3FD],
    &[0x1F486, 0x1F3FD, 0x200D, 0x2640],
    &[0x1F486, 0x1F3FD, 0x200D, 0x2640, 0xFE0F],
    &[0x1F486, 0x1F3FD, 0x200D, 0x2642],
    &[0x1F486, 0x1F3FD, 0x200D, 0x2642, 0xFE0F],
    &[0x1F486, 0x1F3FE],
    &[0x1F486, 0x1F3FE, 0x200D, 0x2640],
    &[0x1F486, 0x1F3FE, 0x200D, 0x2640, 0xFE0F],
    &[0x1F486, 0x1F3FE, 0x200D, 0x2642],
    &[0x1F486, 0x1F3FE, 0x200D, 0x2642, 0xFE0F],
    &[0x1F486, 0x1F3FF],
    &[0x1F486, 0x1F3FF, 0x200D, 0x2640],
    &[0x1F486, 0x1F3FF, 0x200D, 0x2640, 0xFE0F],
    &[0x1F486, 0x1F3FF, 0x200D, 0x2642],
    &[0x1F486, 0x1F3FF, 0x200D, 0x2642, 0xFE0F],
    &[0x1F487, 0x200D, 0x2640],
    &[0x1F487, 0x200D, 0x2640, 0xFE0F],
    &[0x1F487, 0x200D, 0x2642],
    &[0x1F487, 0x200D, 0x2642, 0xFE0F],
    &[0x1F487, 0x1F3FB],
    &[0x1F487, 0x1F3FB, 0x200D, 0x2640],
    &[0x1F487, 0x1F3FB, 0x200D, 0x2640, 0xFE0F],
    &[0x1F487, 0x1F3FB, 0x200D, 0x2642],
    &[0x1F487, 0x1F3FB, 0x200D, 0x2642, 0xFE0F],
    &[0x1F487, 0x1F3FC],
    &[0x1F487, 0x1F3FC, 0x200D, 0x2640],
    &[0x1F487, 0x1F3FC, 0x200D, 0x2640, 0xFE0F],
    &[0x1F487, 0x1F3FC, 0x200D, 0x2642],
    &[0x1F487, 0x1F3FC, 0x200D, 0x2642, 0xFE0F],
    &[0x1F487, 0x1F3FD],
    &[0x1F487, 0x1F3FD, 0x200D, 0x2640],
    &[0x1F487, 0x1F3FD, 0x200D, 0x2640, 0xFE0F],
    &[0x1F487, 0x1F3FD, 0x200D, 0x2642],
    &[0x1F487, 0x1F3FD, 0x200D, 0x2642, 0xFE0F],
    &[0x1F487, 0x1F3FE],
    &[0x1F487, 0x1F3FE, 0x200D, 0x2640],
    &[0x1F487, 0x1F3FE, 0x200D, 0x2640, 0xFE0F],
    &[0x1F487, 0x1F3FE, 0x200D, 0x2642],
    &[0x1F487, 0x1F3FE, 0x200D, 0x2642, 0xFE0F],
    &[0x1F487, 0x1F3FF],
    &[0x1F487, 0x1F3FF, 0x200D, 0x2640],
    &[0x1F487, 0x1F3FF, 0x200D, 0x2640, 0xFE0F],
    &[0x1F487, 0x1F3FF, 0x200D, 0x2642],
    &[0x1F487, 0x1F3FF, 0x200D, 0x2642, 0xFE0F],
    &[0x1F48F, 0x1F3FB],
    &[0x1F48F, 0x1F3FC],
    &[0x1F48F, 0x1F3FD],
    &[0x1F48F, 0x1F3FE],
    &[0x1F48F, 0x1F3FF],
    &[0x1F491, 0x1F3FB],
    &[0x1F491, 0x1F3FC],
    &[0x1F491, 0x1F3FD],
    &[0x1F491, 0x1F3FE],
    &[0x1F491, 0x1F3FF],
    &[0x1F4AA, 0x1F3FB],
    &[0x1F4AA, 0x1F3FC],
    &[0x1F4AA, 0x1F3FD],
    &[0x1F4AA, 0x1F3FE],
    &[0x1F4AA, 0x1F3FF],
    &[0x1F4FD, 0xFE0F],
    &[0x1F549, 0xFE0F],
    &[0x1F54A, 0xFE0F],
    &[0x1F56F, 0xFE0F],
    &[0x1F570, 0xFE0F],
    &[0x1F573, 0xFE0F],
    &[0x1F574, 0xFE0F],
    &[0x1F574, 0x1F3FB],
    &[0x1F574, 0x1F3FC],
    &[0x1F574, 0x1F3FD],
    &[0x1F574, 0x1F3FE],
    &[0x1F574, 0x1F3FF],
    &[0x1F575, 0x200D, 0x2640],
    &[0x1F575, 0x200D, 0x2640, 0xFE0F],
    &[0x1F575, 0x200D, 0x2642],
    &[0x1F575, 0x200D, 0x2642, 0xFE0F],
    &[0x1F575, 0xFE0F],
    &[0x1F575, 0xFE0F, 0x200D, 0x2640],
    &[0x1F575, 0xFE0F, 0x200D, 0x2640, 0xFE0F],
    &[0x1F575, 0xFE0F, 0x200D, 0x2642],
    &[0x1F575, 0xFE0F, 0x200D, 0x2642, 0xFE0F],
    &[0x1F575, 0x1F3FB],
    &[0x1F575, 0x1F3FB, 0x200D, 0x2640],
    &[0x1F575, 0x1F3FB, 0x200D, 0x2640, 0xFE0F],
    &[0x1F575, 0x1F3FB, 0x200D, 0x2642],
    &[0x1F575, 0x1F3FB, 0x200D, 0x2642, 0xFE0F],
    &[0x1F575, 0x1F3FC],
    &[0x1F575, 0x1F3FC, 0x200D, 0x2640],
    &[0x1F575, 0x1F3FC, 0x200D, 0x2640, 0xFE0F],
    &[0x1F575, 0x1F3FC, 0x200D, 0x2642],
    &[0x1F575, 0x1F3FC, 0x200D, 0x2642, 0xFE0F],
    &[0x1F575, 0x1F3FD],
    &[0x1F575, 0x1F3FD, 0x200D, 0x2640],
    &[0x1F575, 0x1F3FD, 0x200D, 0x2640, 0xFE0F],
    &[0x1F575, 0x1F3FD, 0x200D, 0x2642],
    &[0x1F575, 0x1F3FD, 0x200D, 0x2642, 0xFE0F],
    &[0x1F575, 0x1F3FE],
    &[0x1F575, 0x1F3FE, 0x200D, 0x2640],
    &[0x1F575, 0x1F3FE, 0x200D, 0x2640, 0xFE0F],
    &[0x1F575, 0x1F3FE, 0x200D, 0x2642],
    &[0x1F575, 0x1F3FE, 0x200D, 0x2642, 0xFE0F],
    &[0x1F575, 0x1F3FF],
    &[0x1F575, 0x1F3FF, 0x200D, 0x2640],
    &[0x1F575, 0x1F3FF, 0x200D, 0x2640, 0xFE0F],
    &[0x1F575, 0x1F3FF, 0x200D, 0x2642],
    &[0x1F575, 0x1F3FF, 0x200D, 0x2642, 0xFE0F],
    &[0x1F576, 0xFE0F],
    &[0x1F577, 0xFE0F],
    &[0x1F578, 0xFE0F],
    &[0x1F579, 0xFE0F],
    &[0x1F57A, 0x1F3FB],
    &[0x1F57A, 0x1F3FC],
    &[0x1F57A, 0x1F3FD],
    &[0x1F57A, 0x1F3FE],
    &[0x1F57A, 0x1F3FF],
    &[0x1F587, 0xFE0F],
    &[0x1F58A, 0xFE0F],
    &[0x1F58B, 0xFE0F],
    &[0x1F58C, 0xFE0F],
    &[0x1F58D, 0xFE0F],
    &[0x1F590, 0xFE0F],
    &[0x1F590, 0x1F3FB],
    &[0x1F590, 0x1F3FC],
    &[0x1F590, 0x1F3FD],
    &[0x1F590, 0x1F3FE],
    &[0x1F590, 0x1F3FF],
    &[0x1F595, 0x1F3FB],
    &[0x1F595, 0x1F3FC],
    &[0x1F595, 0x1F3FD],
    &[0x1F595, 0x1F3FE],
    &[0x1F595, 0x1F3FF],
    &[0x1F596, 0x1F3FB],
    &[0x1F596, 0x1F3FC],
    &[0x1F596, 0x1F3FD],
    &[0x1F596, 0x1F3FE],
    &[0x1F596, 0x1F3FF],
    &[0x1F5A5, 0xFE0F],
    &[0x1F5A8, 0xFE0F],
    &[0x1F5B1, 0xFE0F],
    &[0x1F5B2, 0xFE0F],
    &[0x1F5BC, 0xFE0F],
    &[0x1F5C2, 0xFE0F],
    &[0x1F5C3, 0xFE0F],
    &[0x1F5C4, 0xFE0F],
    &[0x1F5D1, 0xFE0F],
    &[0x1F5D2, 0xFE0F],
    &[0x1F5D3, 0xFE0F],
    &[0x1F5DC, 0xFE0F],
    &[0x1F5DD, 0xFE0F],
    &[0x1F5DE, 0xFE0F],
    &[0x1F5E1, 0xFE0F],
    &[0x1F5E3, 0xFE0F],
    &[0x1F5E8, 0xFE0F],
    &[0x1F5EF, 0xFE0F],
    &[0x1F5F3, 0xFE0F],
    &[0x1F5FA, 0xFE0F],
    &[0x1F62E, 0x200D, 0x1F4A8],
    &[0x1F635, 0x200D, 0x1F4AB],
    &[0x1F636, 0x200D, 0x1F32B],
    &[0x1F636, 0x200D, 0x1F32B, 0xFE0F],
    &[0x1F642, 0x200D, 0x2194],
    &[0x1F642, 0x200D, 0x2194, 0xFE0F],
    &[0x1F642, 0x200D, 0x2195],
    &[0x1F642, 0x200D, 0x2195, 0xFE0F],
    &[0x1F645, 0x200D, 0x2640],
    &[0x1F645, 0x200D, 0x2640, 0xFE0F],
    &[0x1F645, 0x200D, 0x2642],
    &[0x1F645, 0x200D, 0x2642, 0xFE0F],
    &[0x1F645, 0x1F3FB],
    &[0x1F645, 0x1F3FB, 0x200D, 0x2640],
    &[0x1F645, 0x1F3FB, 0x200D, 0x2640, 0xFE0F],
    &[0x1F645, 0x1F3FB, 0x200D, 0x2642],
    &[0x1F645, 0x1F3FB, 0x200D, 0x2642, 0xFE0F],
    &[0x1F645, 0x1F3FC],
    &[0x1F645, 0x1F3FC, 0x200D, 0x2640],
    &[0x1F645, 0x1F3FC, 0x200D, 0x2640, 0xFE0F],
    &[0x1F645, 0x1F3FC, 0x200D, 0x2642],
    &[0x1F645, 0x1F3FC, 0x200D, 0x2642, 0xFE0F],
    &[0x1F645, 0x1F3FD],
    &[0x1F645, 0x1F3FD, 0x200D, 0x2640],
    &[0x1F645, 0x1F3FD, 0x200D, 0x2640, 0xFE0F],
    &[0x1F645, 0x1F3FD, 0x200D, 0x2642],
    &[0x1F645, 0x1F3FD, 0x200D, 0x2642, 0xFE0F],
    &[0x1F645, 0x1F3FE],
    &[0x1F645, 0x1F3FE, 0x200D, 0x2640],
    &[0x1F645, 0x1F3FE, 0x200D, 0x2640, 0xFE0F],
    &[0x1F645, 0x1F3FE, 0x200D, 0x2642],
    &[0x1F645, 0x1F3FE, 0x200D, 0x2642, 0xFE0F],
    &[0x1F645, 0x1F3FF],
    &[0x1F645, 0x1F3FF, 0x200D, 0x2640],
    &[0x1F645, 0x1F3FF, 0x200D, 0x2640, 0xFE0F],
    &[0x1F645, 0x1F3FF, 0x200D, 0x2642],
    &[0x1F645, 0x1F3FF, 0x200D, 0x2642, 0xFE0F],
    &[0x1F646, 0x200D, 0x2640],
    &[0x1F646, 0x200D, 0x2640, 0xFE0F],
    &[0x1F646, 0x200D, 0x2642],
    &[0x1F646, 0x200D, 0x2642, 0xFE0F],
    &[0x1F646, 0x1F3FB],
    &[0x1F646, 0x1F3FB, 0x200D, 0x2640],
    &[0x1F646, 0x1F3FB, 0x200D, 0x2640, 0xFE0F],
    &[0x1F646, 0x1F3FB, 0x200D, 0x2642],
    &[0x1F646, 0x1F3FB, 0x200D, 0x2642, 0xFE0F],
    &[0x1F646, 0x1F3FC],
    &[0x1F646, 0x1F3FC, 0x200D, 0x2640],
    &[0x1F646, 0x1F3FC, 0x200D, 0x2640, 0xFE0F],
    &[0x1F646, 0x1F3FC, 0x200D, 0x2642],
    &[0x1F646, 0x1F3FC, 0x200D, 0x2642, 0xFE0F],
    &[0x1F646, 0x1F3FD],
    &[0x1F646, 0x1F3FD, 0x200D, 0x2640],
    &[0x1F646, 0x1F3FD, 0x200D, 0x2640, 0xFE0F],
    &[0x1F646, 0x1F3FD, 0x200D, 0x2642],
    &[0x1F646, 0x1F3FD, 0x200D, 0x2642, 0xFE0F],
    &[0x1F646, 0x1F3FE],
    &[0x1F646, 0x1F3FE, 0x200D, 0x2640],
    &[0x1F646, 0x1F3FE, 0x200D, 0x2640, 0xFE0F],
    &[0x1F646, 0x1F3FE, 0x200D, 0x2642],
    &[0x1F646, 0x1F3FE, 0x200D, 0x2642, 0xFE0F],
    &[0x1F646, 0x1F3FF],
    &[0x1F646, 0x1F3FF, 0x200D, 0x2640],
    &[0x1F646, 0x1F3FF, 0x200D, 0x2640, 0xFE0F],
    &[0x1F646, 0x1F3FF, 0x200D, 0x2642],
    &[0x1F646, 0x1F3FF, 0x200D, 0x2642, 0xFE0F],
    &[0x1F647, 0x200D, 0x2640],
    &[0x1F647, 0x200D, 0x2640, 0xFE0F],
    &[0x1F647, 0x200D, 0x2642],
    &[0x1F647, 0x200D, 0x2642, 0xFE0F],
    &[0x1F647, 0x1F3FB],
    &[0x1F647, 0x1F3FB, 0x200D, 0x2640],
    &[0x1F647, 0x1F3FB, 0x200D, 0x2640, 0xFE0F],
    &[0x1F647, 0x1F3FB, 0x200D, 0x2642],
    &[0x1F647, 0x1F3FB, 0x200D, 0x2642, 0xFE0F],
    &[0x1F647, 0x1F3FC],
    &[0x1F647, 0x1F3FC, 0x200D, 0x2640],
    &[0x1F647, 0x1F3FC, 0x200D, 0x2640, 0xFE0F],
    &[0x1F647, 0x1F3FC, 0x200D, 0x2642],
    &[0x1F647, 0x1F3FC, 0x200D, 0x2642, 0xFE0F],
    &[0x1F647, 0x1F3FD],
    &[0x1F647, 0x1F3FD, 0x200D, 0x2640],
    &[0x1F647, 0x1F3FD, 0x200D, 0x2640, 0xFE0F],
    &[0x1F647, 0x1F3FD, 0x200D, 0x2642],
    &[0x1F647, 0x1F3FD, 0x200D, 0x2642, 0xFE0F],
    &[0x1F647, 0x1F3FE],
    &[0x1F647, 0x1F3FE, 0x200D, 0x2640],
    &[0x1F647, 0x1F3FE, 0x200D, 0x2640, 0xFE0F],
    &[0x1F647, 0x1F3FE, 0x200D, 0x2642],
    &[0x1F647, 0x1F3FE, 0x200D, 0x2642, 0xFE0F],
    &[0x1F647, 0x1F3FF],
    &[0x1F647, 0x1F3FF, 0x200D, 0x2640],
    &[0x1F647, 0x1F3FF, 0x200D, 0x2640, 0xFE0F],
    &[0x1F647, 0x1F3FF, 0x200D, 0x2642],
    &[0x1F647, 0x1F3FF, 0x200D, 0x2642, 0xFE0F],
    &[0x1F64B, 0x200D, 0x2640],
    &[0x1F64B, 0x200D, 0x2640, 0xFE0F],
    &[0x1F64B, 0x200D, 0x2642],
    &[0x1F64B, 0x200D, 0x2642, 0xFE0F],
    &[0x1F64B, 0x1F3FB],
    &[0x1F64B, 0x1F3FB, 0x200D, 0x2640],
    &[0x1F64B, 0x1F3FB, 0x200D, 0x2640, 0xFE0F],
    &[0x1F64B, 0x1F3FB, 0x200D, 0x2642],
    &[0x1F64B, 0x1F3FB, 0x200D, 0x2642, 0xFE0F],
    &[0x1F64B, 0x1F3FC],
    &[0x1F64B, 0x1F3FC, 0x200D, 0x2640],
    &[0x1F64B, 0x1F3FC, 0x200D, 0x2640, 0xFE0F],
    &[0x1F64B, 0x1F3FC, 0x200D, 0x2642],
    &[0x1F64B, 0x1F3FC, 0x200D, 0x2642, 0xFE0F],
    &[0x1F64B, 0x1F3FD],
    &[0x1F64B, 0x1F3FD, 0x200D, 0x2640],
    &[0x1F64B, 0x1F3FD, 0x200D, 0x2640, 0xFE0F],
    &[0x1F64B, 0x1F3FD, 0x200D, 0x2642],
    &[0x1F64B, 0x1F3FD, 0x200D, 0x2642, 0xFE0F],
    &[0x1F64B, 0x1F3FE],
    &[0x1F64B, 0x1F3FE, 0x200D, 0x2640],
    &[0x1F64B, 0x1F3FE, 0x200D, 0x2640, 0xFE0F],
    &[0x1F64B, 0x1F3FE, 0x200D, 0x2642],
    &[0x1F64B, 0x1F3FE, 0x200D, 0x2642, 0xFE0F],
    &[0x1F64B, 0x1F3FF],
    &[0x1F64B, 0x1F3FF, 0x200D, 0x2640],
    &[0x1F64B, 0x1F3FF, 0x200D, 0x2640, 0xFE0F],
    &[0x1F64B, 0x1F3FF, 0x200D, 0x2642],
    &[0x1F64B, 0x1F3FF, 0x200D, 0x2642, 0xFE0F],
    &[0x1F64C, 0x1F3FB],
    &[0x1F64C, 0x1F3FC],
    &[0x1F64C, 0x1F3FD],
    &[0x1F64C, 0x1F3FE],
    &[0x1F64C, 0x1F3FF],
    &[0x1F64D, 0x200D, 0x2640],
    &[0x1F64D, 0x200D, 0x2640, 0xFE0F],
    &[0x1F64D, 0x200D, 0x2642],
    &[0x1F64D, 0x200D, 0x2642, 0xFE0F],
    &[0x1F64D, 0x1F3FB],
    &[0x1F64D, 0x1F3FB, 0x200D, 0x2640],
    &[0x1F64D, 0x1F3FB, 0x200D, 0x2640, 0xFE0F],
    &[0x1F64D, 0x1F3FB, 0x200D, 0x2642],
    &[0x1F64D, 0x1F3FB, 0x200D, 0x2642, 0xFE0F],
    &[0x1F64D, 0x1F3FC],
    &[0x1F64D, 0x1F3FC, 0x200D, 0x2640],
    &[0x1F64D, 0x1F3FC, 0x200D, 0x2640, 0xFE0F],
    &[0x1F64D, 0x1F3FC, 0x200D, 0x2642],
    &[0x1F64D, 0x1F3FC, 0x200D, 0x2642, 0xFE0F],
    &[0x1F64D, 0x1F3FD],
    &[0x1F64D, 0x1F3FD, 0x200D, 0x2640],
    &[0x1F64D, 0x1F3FD, 0x200D, 0x2640, 0xFE0F],
    &[0x1F64D, 0x1F3FD, 0x200D, 0x2642],
    &[0x1F64D, 0x1F3FD, 0x200D, 0x2642, 0xFE0F],
    &[0x1F64D, 0x1F3FE],
    &[0x1F64D, 0x1F3FE, 0x200D, 0x2640],
    &[0x1F64D, 0x1F3FE, 0x200D, 0x2640, 0xFE0F],
    &[0x1F64D, 0x1F3FE, 0x200D, 0x2642],
    &[0x1F64D, 0x1F3FE, 0x200D, 0x2642, 0xFE0F],
    &[0x1F64D, 0x1F3FF],
    &[0x1F64D, 0x1F3FF, 0x200D, 0x2640],
    &[0x1F64D, 0x1F3FF, 0x200D, 0x2640, 0xFE0F],
    &[0x1F64D, 0x1F3FF, 0x200D, 0x2642],
    &[0x1F64D, 0x1F3FF, 0x200D, 0x2642, 0xFE0F],
    &[0x1F64E, 0x200D, 0x2640],
    &[0x1F64E, 0x200D, 0x2640, 0xFE0F],
    &[0x1F64E, 0x200D, 0x2642],
    &[0x1F64E, 0x200D, 0x2642, 0xFE0F],
    &[0x1F64E, 0x1F3FB],
    &[0x1F64E, 0x1F3FB, 0x200D, 0x2640],
    &[0x1F64E, 0x1F3FB, 0x200D, 0x2640, 0xFE0F],
    &[0x1F64E, 0x1F3FB, 0x200D, 0x2642],
    &[0x1F64E, 0x1F3FB, 0x200D, 0x2642, 0xFE0F],
    &[0x1F64E, 0x1F3FC],
    &[0x1F64E, 0x1F3FC, 0x200D, 0x2640],
    &[0x1F64E, 0x1F3FC, 0x200D, 0x2640, 0xFE0F],
    &[0x1F64E, 0x1F3FC, 0x200D, 0x2642],
    &[0x1F64E, 0x1F3FC, 0x200D, 0x2642, 0xFE0F],
    &[0x1F64E, 0x1F3FD],
    &[0x1F64E, 0x1F3FD, 0x200D, 0x2640],
    &[0x1F64E, 0x1F3FD, 0x200D, 0x2640, 0xFE0F],
    &[0x1F64E, 0x1F3FD, 0x200D, 0x2642],
    &[0x1F64E, 0x1F3FD, 0x200D, 0x2642, 0xFE0F],
    &[0x1F64E, 0x1F3FE],
    &[0x1F64E, 0x1F3FE, 0x200D, 0x2640],
    &[0x1F64E, 0x1F3FE, 0x200D, 0x2640, 0xFE0F],
    &[0x1F64E, 0x1F3FE, 0x200D, 0x2642],
    &[0x1F64E, 0x1F3FE, 0x200D, 0x2642, 0xFE0F],
    &[0x1F64E, 0x1F3FF],
    &[0x1F64E, 0x1F3FF, 0x200D, 0x2640],
    &[0x1F64E, 0x1F3FF, 0x200D, 0x2640, 0xFE0F],
    &[0x1F64E, 0x1F3FF, 0x200D, 0x2642],
    &[0x1F64E, 0x1F3FF, 0x200D, 0x2642, 0xFE0F],
    &[0x1F64F, 0x1F3FB],
    &[0x1F64F, 0x1F3FC],
    &[0x1F64F, 0x1F3FD],
    &[0x1F64F, 0x1F3FE],
    &[0x1F64F, 0x1F3FF],
    &[0x1F6A3, 0x200D, 0x2640],
    &[0x1F6A3, 0x200D, 0x2640, 0xFE0F],
    &[0x1F6A3, 0x200D, 0x2642],
    &[0x1F6A3, 0x200D, 0x2642, 0xFE0F],
    &[0x1F6A3, 0x1F3FB],
    &[0x1F6A3, 0x1F3FB, 0x200D, 0x2640],
    &[0x1F6A3, 0x1F3FB, 0x200D, 0x2640, 0xFE0F],
    &[0x1F6A3, 0x1F3FB, 0x200D, 0x2642],
    &[0x1F6A3, 0x1F3FB, 0x200D, 0x2642, 0xFE0F],
    &[0x1F6A3, 0x1F3FC],
    &[0x1F6A3, 0x1F3FC, 0x200D, 0x2640],
    &[0x1F6A3, 0x1F3FC, 0x200D, 0x2640, 0xFE0F],
    &[0x1F6A3, 0x1F3FC, 0x200D, 0x2642],
    &[0x1F6A3, 0x1F3FC, 0x200D, 0x2642, 0xFE0F],
    &[0x1F6A3, 0x1F3FD],
    &[0x1F6A3, 0x1F3FD, 0x200D, 0x2640],
    &[0x1F6A3, 0x1F3FD, 0x200D, 0x2640, 0xFE0F],
    &[0x1F6A3, 0x1F3FD, 0x200D, 0x2642],
    &[0x1F6A3, 0x1F3FD, 0x200D, 0x2642, 0xFE0F],
    &[0x1F6A3, 0x1F3FE],
    &[0x1F6A3, 0x1F3FE, 0x200D, 0x2640],
    &[0x1F6A3, 0x1F3FE, 0x200D, 0x2640, 0xFE0F],
    &[0x1F6A3, 0x1F3FE, 0x200D, 0x2642],
    &[0x1F6A3, 0x1F3FE, 0x200D, 0x2642, 0xFE0F],
    &[0x1F6A3, 0x1F3FF],
    &[0x1F6A3, 0x1F3FF, 0x200D, 0x2640],
    &[0x1F6A3, 0x1F3FF, 0x200D, 0x2640, 0xFE0F],
    &[0x1F6A3, 0x1F3FF, 0x200D, 0x2642],
    &[0x1F6A3, 0x1F3FF, 0x200D, 0x2642, 0xFE0F],
    &[0x1F6B4, 0x200D, 0x2640],
    &[0x1F6B4, 0x200D, 0x2640, 0xFE0F],
    &[0x1F6B4, 0x200D, 0x2642],
    &[0x1F6B4, 0x200D, 0x2642, 0xFE0F],
    &[0x1F6B4, 0x1F3FB],
    &[0x1F6B4, 0x1F3FB, 0x200D, 0x2640],
    &[0x1F6B4, 0x1F3FB, 0x200D, 0x2640, 0xFE0F],
    &[0x1F6B4, 0x1F3FB, 0x200D, 0x2642],
    &[0x1F6B4, 0x1F3FB, 0x200D, 0x2642, 0xFE0F],
    &[0x1F6B4, 0x1F3FC],
    &[0x1F6B4, 0x1F3FC, 0x200D, 0x2640],
    &[0x1F6B4, 0x1F3FC, 0x200D, 0x2640, 0xFE0F],
    &[0x1F6B4, 0x1F3FC, 0x200D, 0x2642],
    &[0x1F6B4, 0x1F3FC, 0x200D, 0x2642, 0xFE0F],
    &[0x1F6B4, 0x1F3FD],
    &[0x1F6B4, 0x1F3FD, 0x200D, 0x2640],
    &[0x1F6B4, 0x1F3FD, 0x200D, 0x2640, 0xFE0F],
    &[0x1F6B4, 0x1F3FD, 0x200D, 0x2642],
    &[0x1F6B4, 0x1F3FD, 0x200D, 0x2642, 0xFE0F],
    &[0x1F6B4, 0x1F3FE],
    &[0x1F6B4, 0x1F3FE, 0x200D, 0x2640],
    &[0x1F6B4, 0x1F3FE, 0x200D, 0x2640, 0xFE0F],
    &[0x1F6B4, 0x1F3FE, 0x200D, 0x2642],
    &[0x1F6B4, 0x1F3FE, 0x200D, 0x2642, 0xFE0F],
    &[0x1F6B4, 0x1F3FF],
    &[0x1F6B4, 0x1F3FF, 0x200D, 0x2640],
    &[0x1F6B4, 0x1F3FF, 0x200D, 0x2640, 0xFE0F],
    &[0x1F6B4, 0x1F3FF, 0x200D, 0x2642],
    &[0x1F6B4, 0x1F3FF, 0x200D, 0x2642, 0xFE0F],
    &[0x1F6B5, 0x200D, 0x2640],
    &[0x1F6B5, 0x200D, 0x2640, 0xFE0F],
    &[0x1F6B5, 0x200D, 0x2642],
    &[0x1F6B5, 0x200D, 0x2642, 0xFE0F],
    &[0x1F6B5, 0x1F3FB],
    &[0x1F6B5, 0x1F3FB, 0x200D, 0x2640],
    &[0x1F6B5, 0x1F3FB, 0x200D, 0x2640, 0xFE0F],
    &[0x1F6B5, 0x1F3FB, 0x200D, 0x2642],
    &[0x1F6B5, 0x1F3FB, 0x200D, 0x2642, 0xFE0F],
    &[0x1F6B5, 0x1F3FC],
    &[0x1F6B5, 0x1F3FC, 0x200D, 0x2640],
    &[0x1F6B5, 0x1F3FC, 0x200D, 0x2640, 0xFE0F],
    &[0x1F6B5, 0x1F3FC, 0x200D, 0x2642],
    &[0x1F6B5, 0x1F3FC, 0x200D, 0x2642, 0xFE0F],
    &[0x1F6B5, 0x1F3FD],
    &[0x1F6B5, 0x1F3FD, 0x200D, 0x2640],
    &[0x1F6B5, 0x1F3FD, 0x200D, 0x2640, 0xFE0F],
    &[0x1F6B5, 0x1F3FD, 0x200D, 0x2642],
    &[0x1F6B5, 0x1F3FD, 0x200D, 0x2642, 0xFE0F],
    &[0x1F6B5, 0x1F3FE],
    &[0x1F6B5, 0x1F3FE, 0x200D, 0x2640],
    &[0x1F6B5, 0x1F3FE, 0x200D, 0x2640, 0xFE0F],
    &[0x1F6B5, 0x1F3FE, 0x200D, 0x2642],
    &[0x1F6B5, 0x1F3FE, 0x200D, 0x2642, 0xFE0F],
    &[0x1F6B5, 0x1F3FF],
    &[0x1F6B5, 0x1F3FF, 0x200D, 0x2640],
    &[0x1F6B5, 0x1F3FF, 0x200D, 0x2640, 0xFE0F],
    &[0x1F6B5, 0x1F3FF, 0x200D, 0x2642],
    &[0x1F6B5, 0x1F3FF, 0x200D, 0x2642, 0xFE0F],
    &[0x1F6B6, 0x200D, 0x2640],
    &[0x1F6B6, 0x200D, 0x2640, 0x200D, 0x27A1],
    &[0x1F6B6, 0x200D, 0x2640, 0x200D, 0x27A1, 0xFE0F],
    &[0x1F6B6, 0x200D, 0x2640, 0xFE0F],
    &[0x1F6B6, 0x200D, 0x2640, 0xFE0F, 0x200D, 0x27A1],
    &[0x1F6B6, 0x200D, 0x2640, 0xFE0F, 0x200D, 0x27A1, 0xFE0F],
    &[0x1F6B6, 0x200D, 0x2642],
    &[0x1F6B6, 0x200D, 0x2642, 0x200D, 0x27A1],
    &[0x1F6B6, 0x200D, 0x2642, 0x200D, 0x27A1, 0xFE0F],
    &[0x1F6B6, 0x200D, 0x2642, 0xFE0F],
    &[0x1F6B6, 0x200D, 0x2642, 0xFE0F, 0x200D, 0x27A1],
    &[0x1F6B6, 0x200D, 0x2642, 0xFE0F, 0x200D, 0x27A1, 0xFE0F],
    &[0x1F6B6, 0x200D, 0x27A1],
    &[0x1F6B6, 0x200D, 0x27A1, 0xFE0F],
    &[0x1F6B6, 0x1F3FB],
    &[0x1F6B6, 0x1F3FB, 0x200D, 0x2640],
    &[0x1F6B6, 0x1F3FB, 0x200D, 0x2640, 0x200D, 0x27A1],
    &[0x1F6B6, 0x1F3FB, 0x200D, 0x2640, 0x200D, 0x27A1, 0xFE0F],
    &[0x1F6B6, 0x1F3FB, 0x200D, 0x2640, 0xFE0F],
    &[0x1F6B6, 0x1F3FB, 0x200D, 0x2640, 0xFE0F, 0x200D, 0x27A1],
    &[
        0x1F6B6, 0x1F3FB, 0x200D, 0x2640, 0xFE0F, 0x200D, 0x27A1, 0xFE0F,
    ],
    &[0x1F6B6, 0x1F3FB, 0x200D, 0x2642],
    &[0x1F6B6, 0x1F3FB, 0x200D, 0x2642, 0x200D, 0x27A1],
    &[0x1F6B6, 0x1F3FB, 0x200D, 0x2642, 0x200D, 0x27A1, 0xFE0F],
    &[0x1F6B6, 0x1F3FB, 0x200D, 0x2642, 0xFE0F],
    &[0x1F6B6, 0x1F3FB, 0x200D, 0x2642, 0xFE0F, 0x200D, 0x27A1],
    &[
        0x1F6B6, 0x1F3FB, 0x200D, 0x2642, 0xFE0F, 0x200D, 0x27A1, 0xFE0F,
    ],
    &[0x1F6B6, 0x1F3FB, 0x200D, 0x27A1],
    &[0x1F6B6, 0x1F3FB, 0x200D, 0x27A1, 0xFE0F],
    &[0x1F6B6, 0x1F3FC],
    &[0x1F6B6, 0x1F3FC, 0x200D, 0x2640],
    &[0x1F6B6, 0x1F3FC, 0x200D, 0x2640, 0x200D, 0x27A1],
    &[0x1F6B6, 0x1F3FC, 0x200D, 0x2640, 0x200D, 0x27A1, 0xFE0F],
    &[0x1F6B6, 0x1F3FC, 0x200D, 0x2640, 0xFE0F],
    &[0x1F6B6, 0x1F3FC, 0x200D, 0x2640, 0xFE0F, 0x200D, 0x27A1],
    &[
        0x1F6B6, 0x1F3FC, 0x200D, 0x2640, 0xFE0F, 0x200D, 0x27A1, 0xFE0F,
    ],
    &[0x1F6B6, 0x1F3FC, 0x200D, 0x2642],
    &[0x1F6B6, 0x1F3FC, 0x200D, 0x2642, 0x200D, 0x27A1],
    &[0x1F6B6, 0x1F3FC, 0x200D, 0x2642, 0x200D, 0x27A1, 0xFE0F],
    &[0x1F6B6, 0x1F3FC, 0x200D, 0x2642, 0xFE0F],
    &[0x1F6B6, 0x1F3FC, 0x200D, 0x2642, 0xFE0F, 0x200D, 0x27A1],
    &[
        0x1F6B6, 0x1F3FC, 0x200D, 0x2642, 0xFE0F, 0x200D, 0x27A1, 0xFE0F,
    ],
    &[0x1F6B6, 0x1F3FC, 0x200D, 0x27A1],
    &[0x1F6B6, 0x1F3FC, 0x200D, 0x27A1, 0xFE0F],
    &[0x1F6B6, 0x1F3FD],
    &[0x1F6B6, 0x1F3FD, 0x200D, 0x2640],
    &[0x1F6B6, 0x1F3FD, 0x200D, 0x2640, 0x200D, 0x27A1],
    &[0x1F6B6, 0x1F3FD, 0x200D, 0x2640, 0x200D, 0x27A1, 0xFE0F],
    &[0x1F6B6, 0x1F3FD, 0x200D, 0x2640, 0xFE0F],
    &[0x1F6B6, 0x1F3FD, 0x200D, 0x2640, 0xFE0F, 0x200D, 0x27A1],
    &[
        0x1F6B6, 0x1F3FD, 0x200D, 0x2640, 0xFE0F, 0x200D, 0x27A1, 0xFE0F,
    ],
    &[0x1F6B6, 0x1F3FD, 0x200D, 0x2642],
    &[0x1F6B6, 0x1F3FD, 0x200D, 0x2642, 0x200D, 0x27A1],
    &[0x1F6B6, 0x1F3FD, 0x200D, 0x2642, 0x200D, 0x27A1, 0xFE0F],
    &[0x1F6B6, 0x1F3FD, 0x200D, 0x2642, 0xFE0F],
    &[0x1F6B6, 0x1F3FD, 0x200D, 0x2642, 0xFE0F, 0x200D, 0x27A1],
    &[
        0x1F6B6, 0x1F3FD, 0x200D, 0x2642, 0xFE0F, 0x200D, 0x27A1, 0xFE0F,
    ],
    &[0x1F6B6, 0x1F3FD, 0x200D, 0x27A1],
    &[0x1F6B6, 0x1F3FD, 0x200D, 0x27A1, 0xFE0F],
    &[0x1F6B6, 0x1F3FE],
    &[0x1F6B6, 0x1F3FE, 0x200D, 0x2640],
    &[0x1F6B6, 0x1F3FE, 0x200D, 0x2640, 0x200D, 0x27A1],
    &[0x1F6B6, 0x1F3FE, 0x200D, 0x2640, 0x200D, 0x27A1, 0xFE0F],
    &[0x1F6B6, 0x1F3FE, 0x200D, 0x2640, 0xFE0F],
    &[0x1F6B6, 0x1F3FE, 0x200D, 0x2640, 0xFE0F, 0x200D, 0x27A1],
    &[
        0x1F6B6, 0x1F3FE, 0x200D, 0x2640, 0xFE0F, 0x200D, 0x27A1, 0xFE0F,
    ],
    &[0x1F6B6, 0x1F3FE, 0x200D, 0x2642],
    &[0x1F6B6, 0x1F3FE, 0x200D, 0x2642, 0x200D, 0x27A1],
    &[0x1F6B6, 0x1F3FE, 0x200D, 0x2642, 0x200D, 0x27A1, 0xFE0F],
    &[0x1F6B6, 0x1F3FE, 0x200D, 0x2642, 0xFE0F],
    &[0x1F6B6, 0x1F3FE, 0x200D, 0x2642, 0xFE0F, 0x200D, 0x27A1],
    &[
        0x1F6B6, 0x1F3FE, 0x200D, 0x2642, 0xFE0F, 0x200D, 0x27A1, 0xFE0F,
    ],
    &[0x1F6B6, 0x1F3FE, 0x200D, 0x27A1],
    &[0x1F6B6, 0x1F3FE, 0x200D, 0x27A1, 0xFE0F],
    &[0x1F6B6, 0x1F3FF],
    &[0x1F6B6, 0x1F3FF, 0x200D, 0x2640],
    &[0x1F6B6, 0x1F3FF, 0x200D, 0x2640, 0x200D, 0x27A1],
    &[0x1F6B6, 0x1F3FF, 0x200D, 0x2640, 0x200D, 0x27A1, 0xFE0F],
    &[0x1F6B6, 0x1F3FF, 0x200D, 0x2640, 0xFE0F],
    &[0x1F6B6, 0x1F3FF, 0x200D, 0x2640, 0xFE0F, 0x200D, 0x27A1],
    &[
        0x1F6B6, 0x1F3FF, 0x200D, 0x2640, 0xFE0F, 0x200D, 0x27A1, 0xFE0F,
    ],
    &[0x1F6B6, 0x1F3FF, 0x200D, 0x2642],
    &[0x1F6B6, 0x1F3FF, 0x200D, 0x2642, 0x200D, 0x27A1],
    &[0x1F6B6, 0x1F3FF, 0x200D, 0x2642, 0x200D, 0x27A1, 0xFE0F],
    &[0x1F6B6, 0x1F3FF, 0x200D, 0x2642, 0xFE0F],
    &[0x1F6B6, 0x1F3FF, 0x200D, 0x2642, 0xFE0F, 0x200D, 0x27A1],
    &[
        0x1F6B6, 0x1F3FF, 0x200D, 0x2642, 0xFE0F, 0x200D, 0x27A1, 0xFE0F,
    ],
    &[0x1F6B6, 0x1F3FF, 0x200D, 0x27A1],
    &[0x1F6B6, 0x1F3FF, 0x200D, 0x27A1, 0xFE0F],
    &[0x1F6C0, 0x1F3FB],
    &[0x1F6C0, 0x1F3FC],
    &[0x1F6C0, 0x1F3FD],
    &[0x1F6C0, 0x1F3FE],
    &[0x1F6C0, 0x1F3FF],
    &[0x1F6CB, 0xFE0F],
    &[0x1F6CC, 0x1F3FB],
    &[0x1F6CC, 0x1F3FC],
    &[0x1F6CC, 0x1F3FD],
    &[0x1F6CC, 0x1F3FE],
    &[0x1F6CC, 0x1F3FF],
    &[0x1F6CD, 0xFE0F],
    &[0x1F6CE, 0xFE0F],
    &[0x1F6CF, 0xFE0F],
    &[0x1F6E0, 0xFE0F],
    &[0x1F6E1, 0xFE0F],
    &[0x1F6E2, 0xFE0F],
    &[0x1F6E3, 0xFE0F],
    &[0x1F6E4, 0xFE0F],
    &[0x1F6E5, 0xFE0F],
    &[0x1F6E9, 0xFE0F],
    &[0x1F6F0, 0xFE0F],
    &[0x1F6F3, 0xFE0F],
    &[0x1F90C, 0x1F3FB],
    &[0x1F90C, 0x1F3FC],
    &[0x1F90C, 0x1F3FD],
    &[0x1F90C, 0x1F3FE],
    &[0x1F90C, 0x1F3FF],
    &[0x1F90F, 0x1F3FB],
    &[0x1F90F, 0x1F3FC],
    &[0x1F90F, 0x1F3FD],
    &[0x1F90F, 0x1F3FE],
    &[0x1F90F, 0x1F3FF],
    &[0x1F918, 0x1F3FB],
    &[0x1F918, 0x1F3FC],
    &[0x1F918, 0x1F3FD],
    &[0x1F918, 0x1F3FE],
    &[0x1F918, 0x1F3FF],
    &[0x1F919, 0x1F3FB],
    &[0x1F919, 0x1F3FC],
    &[0x1F919, 0x1F3FD],
    &[0x1F919, 0x1F3FE],
    &[0x1F919, 0x1F3FF],
    &[0x1F91A, 0x1F3FB],
    &[0x1F91A, 0x1F3FC],
    &[0x1F91A, 0x1F3FD],
    &[0x1F91A, 0x1F3FE],
    &[0x1F91A, 0x1F3FF],
    &[0x1F91B, 0x1F3FB],
    &[0x1F91B, 0x1F3FC],
    &[0x1F91B, 0x1F3FD],
    &[0x1F91B, 0x1F3FE],
    &[0x1F91B, 0x1F3FF],
    &[0x1F91C, 0x1F3FB],
    &[0x1F91C, 0x1F3FC],
    &[0x1F91C, 0x1F3FD],
    &[0x1F91C, 0x1F3FE],
    &[0x1F91C, 0x1F3FF],
    &[0x1F91D, 0x1F3FB],
    &[0x1F91D, 0x1F3FC],
    &[0x1F91D, 0x1F3FD],
    &[0x1F91D, 0x1F3FE],
    &[0x1F91D, 0x1F3FF],
    &[0x1F91E, 0x1F3FB],
    &[0x1F91E, 0x1F3FC],
    &[0x1F91E, 0x1F3FD],
    &[0x1F91E, 0x1F3FE],
    &[0x1F91E, 0x1F3FF],
    &[0x1F91F, 0x1F3FB],
    &[0x1F91F, 0x1F3FC],
    &[0x1F91F, 0x1F3FD],
    &[0x1F91F, 0x1F3FE],
    &[0x1F91F, 0x1F3FF],
    &[0x1F926, 0x200D, 0x2640],
    &[0x1F926, 0x200D, 0x2640, 0xFE0F],
    &[0x1F926, 0x200D, 0x2642],
    &[0x1F926, 0x200D, 0x2642, 0xFE0F],
    &[0x1F926, 0x1F3FB],
    &[0x1F926, 0x1F3FB, 0x200D, 0x2640],
    &[0x1F926, 0x1F3FB, 0x200D, 0x2640, 0xFE0F],
    &[0x1F926, 0x1F3FB, 0x200D, 0x2642],
    &[0x1F926, 0x1F3FB, 0x200D, 0x2642, 0xFE0F],
    &[0x1F926, 0x1F3FC],
    &[0x1F926, 0x1F3FC, 0x200D, 0x2640],
    &[0x1F926, 0x1F3FC, 0x200D, 0x2640, 0xFE0F],
    &[0x1F926, 0x1F3FC, 0x200D, 0x2642],
    &[0x1F926, 0x1F3FC, 0x200D, 0x2642, 0xFE0F],
    &[0x1F926, 0x1F3FD],
    &[0x1F926, 0x1F3FD, 0x200D, 0x2640],
    &[0x1F926, 0x1F3FD, 0x200D, 0x2640, 0xFE0F],
    &[0x1F926, 0x1F3FD, 0x200D, 0x2642],
    &[0x1F926, 0x1F3FD, 0x200D, 0x2642, 0xFE0F],
    &[0x1F926, 0x1F3FE],
    &[0x1F926, 0x1F3FE, 0x200D, 0x2640],
    &[0x1F926, 0x1F3FE, 0x200D, 0x2640, 0xFE0F],
    &[0x1F926, 0x1F3FE, 0x200D, 0x2642],
    &[0x1F926, 0x1F3FE, 0x200D, 0x2642, 0xFE0F],
    &[0x1F926, 0x1F3FF],
    &[0x1F926, 0x1F3FF, 0x200D, 0x2640],
    &[0x1F926, 0x1F3FF, 0x200D, 0x2640, 0xFE0F],
    &[0x1F926, 0x1F3FF, 0x200D, 0x2642],
    &[0x1F926, 0x1F3FF, 0x200D, 0x2642, 0xFE0F],
    &[0x1F930, 0x1F3FB],
    &[0x1F930, 0x1F3FC],
    &[0x1F930, 0x1F3FD],
    &[0x1F930, 0x1F3FE],
    &[0x1F930, 0x1F3FF],
    &[0x1F931, 0x1F3FB],
    &[0x1F931, 0x1F3FC],
    &[0x1F931, 0x1F3FD],
    &[0x1F931, 0x1F3FE],
    &[0x1F931, 0x1F3FF],
    &[0x1F932, 0x1F3FB],
    &[0x1F932, 0x1F3FC],
    &[0x1F932, 0x1F3FD],
    &[0x1F932, 0x1F3FE],
    &[0x1F932, 0x1F3FF],
    &[0x1F933, 0x1F3FB],
    &[0x1F933, 0x1F3FC],
    &[0x1F933, 0x1F3FD],
    &[0x1F933, 0x1F3FE],
    &[0x1F933, 0x1F3FF],
    &[0x1F934, 0x1F3FB],
    &[0x1F934, 0x1F3FC],
    &[0x1F934, 0x1F3FD],
    &[0x1F934, 0x1F3FE],
    &[0x1F934, 0x1F3FF],
    &[0x1F935, 0x200D, 0x2640],
    &[0x1F935, 0x200D, 0x2640, 0xFE0F],
    &[0x1F935, 0x200D, 0x2642],
    &[0x1F935, 0x200D, 0x2642, 0xFE0F],
    &[0x1F935, 0x1F3FB],
    &[0x1F935, 0x1F3FB, 0x200D, 0x2640],
    &[0x1F935, 0x1F3FB, 0x200D, 0x2640, 0xFE0F],
    &[0x1F935, 0x1F3FB, 0x200D, 0x2642],
    &[0x1F935, 0x1F3FB, 0x200D, 0x2642, 0xFE0F],
    &[0x1F935, 0x1F3FC],
    &[0x1F935, 0x1F3FC, 0x200D, 0x2640],
    &[0x1F935, 0x1F3FC, 0x200D, 0x2640, 0xFE0F],
    &[0x1F935, 0x1F3FC, 0x200D, 0x2642],
    &[0x1F935, 0x1F3FC, 0x200D, 0x2642, 0xFE0F],
    &[0x1F935, 0x1F3FD],
    &[0x1F935, 0x1F3FD, 0x200D, 0x2640],
    &[0x1F935, 0x1F3FD, 0x200D, 0x2640, 0xFE0F],
    &[0x1F935, 0x1F3FD, 0x200D, 0x2642],
    &[0x1F935, 0x1F3FD, 0x200D, 0x2642, 0xFE0F],
    &[0x1F935, 0x1F3FE],
    &[0x1F935, 0x1F3FE, 0x200D, 0x2640],
    &[0x1F935, 0x1F3FE, 0x200D, 0x2640, 0xFE0F],
    &[0x1F935, 0x1F3FE, 0x200D, 0x2642],
    &[0x1F935, 0x1F3FE, 0x200D, 0x2642, 0xFE0F],
    &[0x1F935, 0x1F3FF],
    &[0x1F935, 0x1F3FF, 0x200D, 0x2640],
    &[0x1F935, 0x1F3FF, 0x200D, 0x2640, 0xFE0F],
    &[0x1F935, 0x1F3FF, 0x200D, 0x2642],
    &[0x1F935, 0x1F3FF, 0x200D, 0x2642, 0xFE0F],
    &[0x1F936, 0x1F3FB],
    &[0x1F936, 0x1F3FC],
    &[0x1F936, 0x1F3FD],
    &[0x1F936, 0x1F3FE],
    &[0x1F936, 0x1F3FF],
    &[0x1F937, 0x200D, 0x2640],
    &[0x1F937, 0x200D, 0x2640, 0xFE0F],
    &[0x1F937, 0x200D, 0x2642],
    &[0x1F937, 0x200D, 0x2642, 0xFE0F],
    &[0x1F937, 0x1F3FB],
    &[0x1F937, 0x1F3FB, 0x200D, 0x2640],
    &[0x1F937, 0x1F3FB, 0x200D, 0x2640, 0xFE0F],
    &[0x1F937, 0x1F3FB, 0x200D, 0x2642],
    &[0x1F937, 0x1F3FB, 0x200D, 0x2642, 0xFE0F],
    &[0x1F937, 0x1F3FC],
    &[0x1F937, 0x1F3FC, 0x200D, 0x2640],
    &[0x1F937, 0x1F3FC, 0x200D, 0x2640, 0xFE0F],
    &[0x1F937, 0x1F3FC, 0x200D, 0x2642],
    &[0x1F937, 0x1F3FC, 0x200D, 0x2642, 0xFE0F],
    &[0x1F937, 0x1F3FD],
    &[0x1F937, 0x1F3FD, 0x200D, 0x2640],
    &[0x1F937, 0x1F3FD, 0x200D, 0x2640, 0xFE0F],
    &[0x1F937, 0x1F3FD, 0x200D, 0x2642],
    &[0x1F937, 0x1F3FD, 0x200D, 0x2642, 0xFE0F],
    &[0x1F937, 0x1F3FE],
    &[0x1F937, 0x1F3FE, 0x200D, 0x2640],
    &[0x1F937, 0x1F3FE, 0x200D, 0x2640, 0xFE0F],
    &[0x1F937, 0x1F3FE, 0x200D, 0x2642],
    &[0x1F937, 0x1F3FE, 0x200D, 0x2642, 0xFE0F],
    &[0x1F937, 0x1F3FF],
    &[0x1F937, 0x1F3FF, 0x200D, 0x2640],
    &[0x1F937, 0x1F3FF, 0x200D, 0x2640, 0xFE0F],
    &[0x1F937, 0x1F3FF, 0x200D, 0x2642],
    &[0x1F937, 0x1F3FF, 0x200D, 0x2642, 0xFE0F],
    &[0x1F938, 0x200D, 0x2640],
    &[0x1F938, 0x200D, 0x2640, 0xFE0F],
    &[0x1F938, 0x200D, 0x2642],
    &[0x1F938, 0x200D, 0x2642, 0xFE0F],
    &[0x1F938, 0x1F3FB],
    &[0x1F938, 0x1F3FB, 0x200D, 0x2640],
    &[0x1F938, 0x1F3FB, 0x200D, 0x2640, 0xFE0F],
    &[0x1F938, 0x1F3FB, 0x200D, 0x2642],
    &[0x1F938, 0x1F3FB, 0x200D, 0x2642, 0xFE0F],
    &[0x1F938, 0x1F3FC],
    &[0x1F938, 0x1F3FC, 0x200D, 0x2640],
    &[0x1F938, 0x1F3FC, 0x200D, 0x2640, 0xFE0F],
    &[0x1F938, 0x1F3FC, 0x200D, 0x2642],
    &[0x1F938, 0x1F3FC, 0x200D, 0x2642, 0xFE0F],
    &[0x1F938, 0x1F3FD],
    &[0x1F938, 0x1F3FD, 0x200D, 0x2640],
    &[0x1F938, 0x1F3FD, 0x200D, 0x2640, 0xFE0F],
    &[0x1F938, 0x1F3FD, 0x200D, 0x2642],
    &[0x1F938, 0x1F3FD, 0x200D, 0x2642, 0xFE0F],
    &[0x1F938, 0x1F3FE],
    &[0x1F938, 0x1F3FE, 0x200D, 0x2640],
    &[0x1F938, 0x1F3FE, 0x200D, 0x2640, 0xFE0F],
    &[0x1F938, 0x1F3FE, 0x200D, 0x2642],
    &[0x1F938, 0x1F3FE, 0x200D, 0x2642, 0xFE0F],
    &[0x1F938, 0x1F3FF],
    &[0x1F938, 0x1F3FF, 0x200D, 0x2640],
    &[0x1F938, 0x1F3FF, 0x200D, 0x2640, 0xFE0F],
    &[0x1F938, 0x1F3FF, 0x200D, 0x2642],
    &[0x1F938, 0x1F3FF, 0x200D, 0x2642, 0xFE0F],
    &[0x1F939, 0x200D, 0x2640],
    &[0x1F939, 0x200D, 0x2640, 0xFE0F],
    &[0x1F939, 0x200D, 0x2642],
    &[0x1F939, 0x200D, 0x2642, 0xFE0F],
    &[0x1F939, 0x1F3FB],
    &[0x1F939, 0x1F3FB, 0x200D, 0x2640],
    &[0x1F939, 0x1F3FB, 0x200D, 0x2640, 0xFE0F],
    &[0x1F939, 0x1F3FB, 0x200D, 0x2642],
    &[0x1F939, 0x1F3FB, 0x200D, 0x2642, 0xFE0F],
    &[0x1F939, 0x1F3FC],
    &[0x1F939, 0x1F3FC, 0x200D, 0x2640],
    &[0x1F939, 0x1F3FC, 0x200D, 0x2640, 0xFE0F],
    &[0x1F939, 0x1F3FC, 0x200D, 0x2642],
    &[0x1F939, 0x1F3FC, 0x200D, 0x2642, 0xFE0F],
    &[0x1F939, 0x1F3FD],
    &[0x1F939, 0x1F3FD, 0x200D, 0x2640],
    &[0x1F939, 0x1F3FD, 0x200D, 0x2640, 0xFE0F],
    &[0x1F939, 0x1F3FD, 0x200D, 0x2642],
    &[0x1F939, 0x1F3FD, 0x200D, 0x2642, 0xFE0F],
    &[0x1F939, 0x1F3FE],
    &[0x1F939, 0x1F3FE, 0x200D, 0x2640],
    &[0x1F939, 0x1F3FE, 0x200D, 0x2640, 0xFE0F],
    &[0x1F939, 0x1F3FE, 0x200D, 0x2642],
    &[0x1F939, 0x1F3FE, 0x200D, 0x2642, 0xFE0F],
    &[0x1F939, 0x1F3FF],
    &[0x1F939, 0x1F3FF, 0x200D, 0x2640],
    &[0x1F939, 0x1F3FF, 0x200D, 0x2640, 0xFE0F],
    &[0x1F939, 0x1F3FF, 0x200D, 0x2642],
    &[0x1F939, 0x1F3FF, 0x200D, 0x2642, 0xFE0F],
    &[0x1F93C, 0x200D, 0x2640],
    &[0x1F93C, 0x200D, 0x2640, 0xFE0F],
    &[0x1F93C, 0x200D, 0x2642],
    &[0x1F93C, 0x200D, 0x2642, 0xFE0F],
    &[0x1F93C, 0x1F3FB],
    &[0x1F93C, 0x1F3FB, 0x200D, 0x2640],
    &[0x1F93C, 0x1F3FB, 0x200D, 0x2640, 0xFE0F],
    &[0x1F93C, 0x1F3FB, 0x200D, 0x2642],
    &[0x1F93C, 0x1F3FB, 0x200D, 0x2642, 0xFE0F],
    &[0x1F93C, 0x1F3FC],
    &[0x1F93C, 0x1F3FC, 0x200D, 0x2640],
    &[0x1F93C, 0x1F3FC, 0x200D, 0x2640, 0xFE0F],
    &[0x1F93C, 0x1F3FC, 0x200D, 0x2642],
    &[0x1F93C, 0x1F3FC, 0x200D, 0x2642, 0xFE0F],
    &[0x1F93C, 0x1F3FD],
    &[0x1F93C, 0x1F3FD, 0x200D, 0x2640],
    &[0x1F93C, 0x1F3FD, 0x200D, 0x2640, 0xFE0F],
    &[0x1F93C, 0x1F3FD, 0x200D, 0x2642],
    &[0x1F93C, 0x1F3FD, 0x200D, 0x2642, 0xFE0F],
    &[0x1F93C, 0x1F3FE],
    &[0x1F93C, 0x1F3FE, 0x200D, 0x2640],
    &[0x1F93C, 0x1F3FE, 0x200D, 0x2640, 0xFE0F],
    &[0x1F93C, 0x1F3FE, 0x200D, 0x2642],
    &[0x1F93C, 0x1F3FE, 0x200D, 0x2642, 0xFE0F],
    &[0x1F93C, 0x1F3FF],
    &[0x1F93C, 0x1F3FF, 0x200D, 0x2640],
    &[0x1F93C, 0x1F3FF, 0x200D, 0x2640, 0xFE0F],
    &[0x1F93C, 0x1F3FF, 0x200D, 0x2642],
    &[0x1F93C, 0x1F3FF, 0x200D, 0x2642, 0xFE0F],
    &[0x1F93D, 0x200D, 0x2640],
    &[0x1F93D, 0x200D, 0x2640, 0xFE0F],
    &[0x1F93D, 0x200D, 0x2642],
    &[0x1F93D, 0x200D, 0x2642, 0xFE0F],
    &[0x1F93D, 0x1F3FB],
    &[0x1F93D, 0x1F3FB, 0x200D, 0x2640],
    &[0x1F93D, 0x1F3FB, 0x200D, 0x2640, 0xFE0F],
    &[0x1F93D, 0x1F3FB, 0x200D, 0x2642],
    &[0x1F93D, 0x1F3FB, 0x200D, 0x2642, 0xFE0F],
    &[0x1F93D, 0x1F3FC],
    &[0x1F93D, 0x1F3FC, 0x200D, 0x2640],
    &[0x1F93D, 0x1F3FC, 0x200D, 0x2640, 0xFE0F],
    &[0x1F93D, 0x1F3FC, 0x200D, 0x2642],
    &[0x1F93D, 0x1F3FC, 0x200D, 0x2642, 0xFE0F],
    &[0x1F93D, 0x1F3FD],
    &[0x1F93D, 0x1F3FD, 0x200D, 0x2640],
    &[0x1F93D, 0x1F3FD, 0x200D, 0x2640, 0xFE0F],
    &[0x1F93D, 0x1F3FD, 0x200D, 0x2642],
    &[0x1F93D, 0x1F3FD, 0x200D, 0x2642, 0xFE0F],
    &[0x1F93D, 0x1F3FE],
    &[0x1F93D, 0x1F3FE, 0x200D, 0x2640],
    &[0x1F93D, 0x1F3FE, 0x200D, 0x2640, 0xFE0F],
    &[0x1F93D, 0x1F3FE, 0x200D, 0x2642],
    &[0x1F93D, 0x1F3FE, 0x200D, 0x2642, 0xFE0F],
    &[0x1F93D, 0x1F3FF],
    &[0x1F93D, 0x1F3FF, 0x200D, 0x2640],
    &[0x1F93D, 0x1F3FF, 0x200D, 0x2640, 0xFE0F],
    &[0x1F93D, 0x1F3FF, 0x200D, 0x2642],
    &[0x1F93D, 0x1F3FF, 0x200D, 0x2642, 0xFE0F],
    &[0x1F93E, 0x200D, 0x2640],
    &[0x1F93E, 0x200D, 0x2640, 0xFE0F],
    &[0x1F93E, 0x200D, 0x2642],
    &[0x1F93E, 0x200D, 0x2642, 0xFE0F],
    &[0x1F93E, 0x1F3FB],
    &[0x1F93E, 0x1F3FB, 0x200D, 0x2640],
    &[0x1F93E, 0x1F3FB, 0x200D, 0x2640, 0xFE0F],
    &[0x1F93E, 0x1F3FB, 0x200D, 0x2642],
    &[0x1F93E, 0x1F3FB, 0x200D, 0x2642, 0xFE0F],
    &[0x1F93E, 0x1F3FC],
    &[0x1F93E, 0x1F3FC, 0x200D, 0x2640],
    &[0x1F93E, 0x1F3FC, 0x200D, 0x2640, 0xFE0F],
    &[0x1F93E, 0x1F3FC, 0x200D, 0x2642],
    &[0x1F93E, 0x1F3FC, 0x200D, 0x2642, 0xFE0F],
    &[0x1F93E, 0x1F3FD],
    &[0x1F93E, 0x1F3FD, 0x200D, 0x2640],
    &[0x1F93E, 0x1F3FD, 0x200D, 0x2640, 0xFE0F],
    &[0x1F93E, 0x1F3FD, 0x200D, 0x2642],
    &[0x1F93E, 0x1F3FD, 0x200D, 0x2642, 0xFE0F],
    &[0x1F93E, 0x1F3FE],
    &[0x1F93E, 0x1F3FE, 0x200D, 0x2640],
    &[0x1F93E, 0x1F3FE, 0x200D, 0x2640, 0xFE0F],
    &[0x1F93E, 0x1F3FE, 0x200D, 0x2642],
    &[0x1F93E, 0x1F3FE, 0x200D, 0x2642, 0xFE0F],
    &[0x1F93E, 0x1F3FF],
    &[0x1F93E, 0x1F3FF, 0x200D, 0x2640],
    &[0x1F93E, 0x1F3FF, 0x200D, 0x2640, 0xFE0F],
    &[0x1F93E, 0x1F3FF, 0x200D, 0x2642],
    &[0x1F93E, 0x1F3FF, 0x200D, 0x2642, 0xFE0F],
    &[0x1F977, 0x1F3FB],
    &[0x1F977, 0x1F3FC],
    &[0x1F977, 0x1F3FD],
    &[0x1F977, 0x1F3FE],
    &[0x1F977, 0x1F3FF],
    &[0x1F9B5, 0x1F3FB],
    &[0x1F9B5, 0x1F3FC],
    &[0x1F9B5, 0x1F3FD],
    &[0x1F9B5, 0x1F3FE],
    &[0x1F9B5, 0x1F3FF],
    &[0x1F9B6, 0x1F3FB],
    &[0x1F9B6, 0x1F3FC],
    &[0x1F9B6, 0x1F3FD],
    &[0x1F9B6, 0x1F3FE],
    &[0x1F9B6, 0x1F3FF],
    &[0x1F9B8, 0x200D, 0x2640],
    &[0x1F9B8, 0x200D, 0x2640, 0xFE0F],
    &[0x1F9B8, 0x200D, 0x2642],
    &[0x1F9B8, 0x200D, 0x2642, 0xFE0F],
    &[0x1F9B8, 0x1F3FB],
    &[0x1F9B8, 0x1F3FB, 0x200D, 0x2640],
    &[0x1F9B8, 0x1F3FB, 0x200D, 0x2640, 0xFE0F],
    &[0x1F9B8, 0x1F3FB, 0x200D, 0x2642],
    &[0x1F9B8, 0x1F3FB, 0x200D, 0x2642, 0xFE0F],
    &[0x1F9B8, 0x1F3FC],
    &[0x1F9B8, 0x1F3FC, 0x200D, 0x2640],
    &[0x1F9B8, 0x1F3FC, 0x200D, 0x2640, 0xFE0F],
    &[0x1F9B8, 0x1F3FC, 0x200D, 0x2642],
    &[0x1F9B8, 0x1F3FC, 0x200D, 0x2642, 0xFE0F],
    &[0x1F9B8, 0x1F3FD],
    &[0x1F9B8, 0x1F3FD, 0x200D, 0x2640],
    &[0x1F9B8, 0x1F3FD, 0x200D, 0x2640, 0xFE0F],
    &[0x1F9B8, 0x1F3FD, 0x200D, 0x2642],
    &[0x1F9B8, 0x1F3FD, 0x200D, 0x2642, 0xFE0F],
    &[0x1F9B8, 0x1F3FE],
    &[0x1F9B8, 0x1F3FE, 0x200D, 0x2640],
    &[0x1F9B8, 0x1F3FE, 0x200D, 0x2640, 0xFE0F],
    &[0x1F9B8, 0x1F3FE, 0x200D, 0x2642],
    &[0x1F9B8, 0x1F3FE, 0x200D, 0x2642, 0xFE0F],
    &[0x1F9B8, 0x1F3FF],
    &[0x1F9B8, 0x1F3FF, 0x200D, 0x2640],
    &[0x1F9B8, 0x1F3FF, 0x200D, 0x2640, 0xFE0F],
    &[0x1F9B8, 0x1F3FF, 0x200D, 0x2642],
    &[0x1F9B8, 0x1F3FF, 0x200D, 0x2642, 0xFE0F],
    &[0x1F9B9, 0x200D, 0x2640],
    &[0x1F9B9, 0x200D, 0x2640, 0xFE0F],
    &[0x1F9B9, 0x200D, 0x2642],
    &[0x1F9B9, 0x200D, 0x2642, 0xFE0F],
    &[0x1F9B9, 0x1F3FB],
    &[0x1F9B9, 0x1F3FB, 0x200D, 0x2640],
    &[0x1F9B9, 0x1F3FB, 0x200D, 0x2640, 0xFE0F],
    &[0x1F9B9, 0x1F3FB, 0x200D, 0x2642],
    &[0x1F9B9, 0x1F3FB, 0x200D, 0x2642, 0xFE0F],
    &[0x1F9B9, 0x1F3FC],
    &[0x1F9B9, 0x1F3FC, 0x200D, 0x2640],
    &[0x1F9B9, 0x1F3FC, 0x200D, 0x2640, 0xFE0F],
    &[0x1F9B9, 0x1F3FC, 0x200D, 0x2642],
    &[0x1F9B9, 0x1F3FC, 0x200D, 0x2642, 0xFE0F],
    &[0x1F9B9, 0x1F3FD],
    &[0x1F9B9, 0x1F3FD, 0x200D, 0x2640],
    &[0x1F9B9, 0x1F3FD, 0x200D, 0x2640, 0xFE0F],
    &[0x1F9B9, 0x1F3FD, 0x200D, 0x2642],
    &[0x1F9B9, 0x1F3FD, 0x200D, 0x2642, 0xFE0F],
    &[0x1F9B9, 0x1F3FE],
    &[0x1F9B9, 0x1F3FE, 0x200D, 0x2640],
    &[0x1F9B9, 0x1F3FE, 0x200D, 0x2640, 0xFE0F],
    &[0x1F9B9, 0x1F3FE, 0x200D, 0x2642],
    &[0x1F9B9, 0x1F3FE, 0x200D, 0x2642, 0xFE0F],
    &[0x1F9B9, 0x1F3FF],
    &[0x1F9B9, 0x1F3FF, 0x200D, 0x2640],
    &[0x1F9B9, 0x1F3FF, 0x200D, 0x2640, 0xFE0F],
    &[0x1F9B9, 0x1F3FF, 0x200D, 0x2642],
    &[0x1F9B9, 0x1F3FF, 0x200D, 0x2642, 0xFE0F],
    &[0x1F9BB, 0x1F3FB],
    &[0x1F9BB, 0x1F3FC],
    &[0x1F9BB, 0x1F3FD],
    &[0x1F9BB, 0x1F3FE],
    &[0x1F9BB, 0x1F3FF],
    &[0x1F9CD, 0x200D, 0x2640],
    &[0x1F9CD, 0x200D, 0x2640, 0xFE0F],
    &[0x1F9CD, 0x200D, 0x2642],
    &[0x1F9CD, 0x200D, 0x2642, 0xFE0F],
    &[0x1F9CD, 0x1F3FB],
    &[0x1F9CD, 0x1F3FB, 0x200D, 0x2640],
    &[0x1F9CD, 0x1F3FB, 0x200D, 0x2640, 0xFE0F],
    &[0x1F9CD, 0x1F3FB, 0x200D, 0x2642],
    &[0x1F9CD, 0x1F3FB, 0x200D, 0x2642, 0xFE0F],
    &[0x1F9CD, 0x1F3FC],
    &[0x1F9CD, 0x1F3FC, 0x200D, 0x2640],
    &[0x1F9CD, 0x1F3FC, 0x200D, 0x2640, 0xFE0F],
    &[0x1F9CD, 0x1F3FC, 0x200D, 0x2642],
    &[0x1F9CD, 0x1F3FC, 0x200D, 0x2642, 0xFE0F],
    &[0x1F9CD, 0x1F3FD],
    &[0x1F9CD, 0x1F3FD, 0x200D, 0x2640],
    &[0x1F9CD, 0x1F3FD, 0x200D, 0x2640, 0xFE0F],
    &[0x1F9CD, 0x1F3FD, 0x200D, 0x2642],
    &[0x1F9CD, 0x1F3FD, 0x200D, 0x2642, 0xFE0F],
    &[0x1F9CD, 0x1F3FE],
    &[0x1F9CD, 0x1F3FE, 0x200D, 0x2640],
    &[0x1F9CD, 0x1F3FE, 0x200D, 0x2640, 0xFE0F],
    &[0x1F9CD, 0x1F3FE, 0x200D, 0x2642],
    &[0x1F9CD, 0x1F3FE, 0x200D, 0x2642, 0xFE0F],
    &[0x1F9CD, 0x1F3FF],
    &[0x1F9CD, 0x1F3FF, 0x200D, 0x2640],
    &[0x1F9CD, 0x1F3FF, 0x200D, 0x2640, 0xFE0F],
    &[0x1F9CD, 0x1F3FF, 0x200D, 0x2642],
    &[0x1F9CD, 0x1F3FF, 0x200D, 0x2642, 0xFE0F],
    &[0x1F9CE, 0x200D, 0x2640],
    &[0x1F9CE, 0x200D, 0x2640, 0x200D, 0x27A1],
    &[0x1F9CE, 0x200D, 0x2640, 0x200D, 0x27A1, 0xFE0F],
    &[0x1F9CE, 0x200D, 0x2640, 0xFE0F],
    &[0x1F9CE, 0x200D, 0x2640, 0xFE0F, 0x200D, 0x27A1],
    &[0x1F9CE, 0x200D, 0x2640, 0xFE0F, 0x200D, 0x27A1, 0xFE0F],
    &[0x1F9CE, 0x200D, 0x2642],
    &[0x1F9CE, 0x200D, 0x2642, 0x200D, 0x27A1],
    &[0x1F9CE, 0x200D, 0x2642, 0x200D, 0x27A1, 0xFE0F],
    &[0x1F9CE, 0x200D, 0x2642, 0xFE0F],
    &[0x1F9CE, 0x200D, 0x2642, 0xFE0F, 0x200D, 0x27A1],
    &[0x1F9CE, 0x200D, 0x2642, 0xFE0F, 0x200D, 0x27A1, 0xFE0F],
    &[0x1F9CE, 0x200D, 0x27A1],
    &[0x1F9CE, 0x200D, 0x27A1, 0xFE0F],
    &[0x1F9CE, 0x1F3FB],
    &[0x1F9CE, 0x1F3FB, 0x200D, 0x2640],
    &[0x1F9CE, 0x1F3FB, 0x200D, 0x2640, 0x200D, 0x27A1],
    &[0x1F9CE, 0x1F3FB, 0x200D, 0x2640, 0x200D, 0x27A1, 0xFE0F],
    &[0x1F9CE, 0x1F3FB, 0x200D, 0x2640, 0xFE0F],
    &[0x1F9CE, 0x1F3FB, 0x200D, 0x2640, 0xFE0F, 0x200D, 0x27A1],
    &[
        0x1F9CE, 0x1F3FB, 0x200D, 0x2640, 0xFE0F, 0x200D, 0x27A1, 0xFE0F,
    ],
    &[0x1F9CE, 0x1F3FB, 0x200D, 0x2642],
    &[0x1F9CE, 0x1F3FB, 0x200D, 0x2642, 0x200D, 0x27A1],
    &[0x1F9CE, 0x1F3FB, 0x200D, 0x2642, 0x200D, 0x27A1, 0xFE0F],
    &[0x1F9CE, 0x1F3FB, 0x200D, 0x2642, 0xFE0F],
    &[0x1F9CE, 0x1F3FB, 0x200D, 0x2642, 0xFE0F, 0x200D, 0x27A1],
    &[
        0x1F9CE, 0x1F3FB, 0x200D, 0x2642, 0xFE0F, 0x200D, 0x27A1, 0xFE0F,
    ],
    &[0x1F9CE, 0x1F3FB, 0x200D, 0x27A1],
    &[0x1F9CE, 0x1F3FB, 0x200D, 0x27A1, 0xFE0F],
    &[0x1F9CE, 0x1F3FC],
    &[0x1F9CE, 0x1F3FC, 0x200D, 0x2640],
    &[0x1F9CE, 0x1F3FC, 0x200D, 0x2640, 0x200D, 0x27A1],
    &[0x1F9CE, 0x1F3FC, 0x200D, 0x2640, 0x200D, 0x27A1, 0xFE0F],
    &[0x1F9CE, 0x1F3FC, 0x200D, 0x2640, 0xFE0F],
    &[0x1F9CE, 0x1F3FC, 0x200D, 0x2640, 0xFE0F, 0x200D, 0x27A1],
    &[
        0x1F9CE, 0x1F3FC, 0x200D, 0x2640, 0xFE0F, 0x200D, 0x27A1, 0xFE0F,
    ],
    &[0x1F9CE, 0x1F3FC, 0x200D, 0x2642],
    &[0x1F9CE, 0x1F3FC, 0x200D, 0x2642, 0x200D, 0x27A1],
    &[0x1F9CE, 0x1F3FC, 0x200D, 0x2642, 0x200D, 0x27A1, 0xFE0F],
    &[0x1F9CE, 0x1F3FC, 0x200D, 0x2642, 0xFE0F],
    &[0x1F9CE, 0x1F3FC, 0x200D, 0x2642, 0xFE0F, 0x200D, 0x27A1],
    &[
        0x1F9CE, 0x1F3FC, 0x200D, 0x2642, 0xFE0F, 0x200D, 0x27A1, 0xFE0F,
    ],
    &[0x1F9CE, 0x1F3FC, 0x200D, 0x27A1],
    &[0x1F9CE, 0x1F3FC, 0x200D, 0x27A1, 0xFE0F],
    &[0x1F9CE, 0x1F3FD],
    &[0x1F9CE, 0x1F3FD, 0x200D, 0x2640],
    &[0x1F9CE, 0x1F3FD, 0x200D, 0x2640, 0x200D, 0x27A1],
    &[0x1F9CE, 0x1F3FD, 0x200D, 0x2640, 0x200D, 0x27A1, 0xFE0F],
    &[0x1F9CE, 0x1F3FD, 0x200D, 0x2640, 0xFE0F],
    &[0x1F9CE, 0x1F3FD, 0x200D, 0x2640, 0xFE0F, 0x200D, 0x27A1],
    &[
        0x1F9CE, 0x1F3FD, 0x200D, 0x2640, 0xFE0F, 0x200D, 0x27A1, 0xFE0F,
    ],
    &[0x1F9CE, 0x1F3FD, 0x200D, 0x2642],
    &[0x1F9CE, 0x1F3FD, 0x200D, 0x2642, 0x200D, 0x27A1],
    &[0x1F9CE, 0x1F3FD, 0x200D, 0x2642, 0x200D, 0x27A1, 0xFE0F],
    &[0x1F9CE, 0x1F3FD, 0x200D, 0x2642, 0xFE0F],
    &[0x1F9CE, 0x1F3FD, 0x200D, 0x2642, 0xFE0F, 0x200D, 0x27A1],
    &[
        0x1F9CE, 0x1F3FD, 0x200D, 0x2642, 0xFE0F, 0x200D, 0x27A1, 0xFE0F,
    ],
    &[0x1F9CE, 0x1F3FD, 0x200D, 0x27A1],
    &[0x1F9CE, 0x1F3FD, 0x200D, 0x27A1, 0xFE0F],
    &[0x1F9CE, 0x1F3FE],
    &[0x1F9CE, 0x1F3FE, 0x200D, 0x2640],
    &[0x1F9CE, 0x1F3FE, 0x200D, 0x2640, 0x200D, 0x27A1],
    &[0x1F9CE, 0x1F3FE, 0x200D, 0x2640, 0x200D, 0x27A1, 0xFE0F],
    &[0x1F9CE, 0x1F3FE, 0x200D, 0x2640, 0xFE0F],
    &[0x1F9CE, 0x1F3FE, 0x200D, 0x2640, 0xFE0F, 0x200D, 0x27A1],
    &[
        0x1F9CE, 0x1F3FE, 0x200D, 0x2640, 0xFE0F, 0x200D, 0x27A1, 0xFE0F,
    ],
    &[0x1F9CE, 0x1F3FE, 0x200D, 0x2642],
    &[0x1F9CE, 0x1F3FE, 0x200D, 0x2642, 0x200D, 0x27A1],
    &[0x1F9CE, 0x1F3FE, 0x200D, 0x2642, 0x200D, 0x27A1, 0xFE0F],
    &[0x1F9CE, 0x1F3FE, 0x200D, 0x2642, 0xFE0F],
    &[0x1F9CE, 0x1F3FE, 0x200D, 0x2642, 0xFE0F, 0x200D, 0x27A1],
    &[
        0x1F9CE, 0x1F3FE, 0x200D, 0x2642, 0xFE0F, 0x200D, 0x27A1, 0xFE0F,
    ],
    &[0x1F9CE, 0x1F3FE, 0x200D, 0x27A1],
    &[0x1F9CE, 0x1F3FE, 0x200D, 0x27A1, 0xFE0F],
    &[0x1F9CE, 0x1F3FF],
    &[0x1F9CE, 0x1F3FF, 0x200D, 0x2640],
    &[0x1F9CE, 0x1F3FF, 0x200D, 0x2640, 0x200D, 0x27A1],
    &[0x1F9CE, 0x1F3FF, 0x200D, 0x2640, 0x200D, 0x27A1, 0xFE0F],
    &[0x1F9CE, 0x1F3FF, 0x200D, 0x2640, 0xFE0F],
    &[0x1F9CE, 0x1F3FF, 0x200D, 0x2640, 0xFE0F, 0x200D, 0x27A1],
    &[
        0x1F9CE, 0x1F3FF, 0x200D, 0x2640, 0xFE0F, 0x200D, 0x27A1, 0xFE0F,
    ],
    &[0x1F9CE, 0x1F3FF, 0x200D, 0x2642],
    &[0x1F9CE, 0x1F3FF, 0x200D, 0x2642, 0x200D, 0x27A1],
    &[0x1F9CE, 0x1F3FF, 0x200D, 0x2642, 0x200D, 0x27A1, 0xFE0F],
    &[0x1F9CE, 0x1F3FF, 0x200D, 0x2642, 0xFE0F],
    &[0x1F9CE, 0x1F3FF, 0x200D, 0x2642, 0xFE0F, 0x200D, 0x27A1],
    &[
        0x1F9CE, 0x1F3FF, 0x200D, 0x2642, 0xFE0F, 0x200D, 0x27A1, 0xFE0F,
    ],
    &[0x1F9CE, 0x1F3FF, 0x200D, 0x27A1],
    &[0x1F9CE, 0x1F3FF, 0x200D, 0x27A1, 0xFE0F],
    &[0x1F9CF, 0x200D, 0x2640],
    &[0x1F9CF, 0x200D, 0x2640, 0xFE0F],
    &[0x1F9CF, 0x200D, 0x2642],
    &[0x1F9CF, 0x200D, 0x2642, 0xFE0F],
    &[0x1F9CF, 0x1F3FB],
    &[0x1F9CF, 0x1F3FB, 0x200D, 0x2640],
    &[0x1F9CF, 0x1F3FB, 0x200D, 0x2640, 0xFE0F],
    &[0x1F9CF, 0x1F3FB, 0x200D, 0x2642],
    &[0x1F9CF, 0x1F3FB, 0x200D, 0x2642, 0xFE0F],
    &[0x1F9CF, 0x1F3FC],
    &[0x1F9CF, 0x1F3FC, 0x200D, 0x2640],
    &[0x1F9CF, 0x1F3FC, 0x200D, 0x2640, 0xFE0F],
    &[0x1F9CF, 0x1F3FC, 0x200D, 0x2642],
    &[0x1F9CF, 0x1F3FC, 0x200D, 0x2642, 0xFE0F],
    &[0x1F9CF, 0x1F3FD],
    &[0x1F9CF, 0x1F3FD, 0x200D, 0x2640],
    &[0x1F9CF, 0x1F3FD, 0x200D, 0x2640, 0xFE0F],
    &[0x1F9CF, 0x1F3FD, 0x200D, 0x2642],
    &[0x1F9CF, 0x1F3FD, 0x200D, 0x2642, 0xFE0F],
    &[0x1F9CF, 0x1F3FE],
    &[0x1F9CF, 0x1F3FE, 0x200D, 0x2640],
    &[0x1F9CF, 0x1F3FE, 0x200D, 0x2640, 0xFE0F],
    &[0x1F9CF, 0x1F3FE, 0x200D, 0x2642],
    &[0x1F9CF, 0x1F3FE, 0x200D, 0x2642, 0xFE0F],
    &[0x1F9CF, 0x1F3FF],
    &[0x1F9CF, 0x1F3FF, 0x200D, 0x2640],
    &[0x1F9CF, 0x1F3FF, 0x200D, 0x2640, 0xFE0F],
    &[0x1F9CF, 0x1F3FF, 0x200D, 0x2642],
    &[0x1F9CF, 0x1F3FF, 0x200D, 0x2642, 0xFE0F],
    &[0x1F9D1, 0x200D, 0x2695],
    &[0x1F9D1, 0x200D, 0x2695, 0xFE0F],
    &[0x1F9D1, 0x200D, 0x2696],
    &[0x1F9D1, 0x200D, 0x2696, 0xFE0F],
    &[0x1F9D1, 0x200D, 0x2708],
    &[0x1F9D1, 0x200D, 0x2708, 0xFE0F],
    &[0x1F9D1, 0x200D, 0x1F33E],
    &[0x1F9D1, 0x200D, 0x1F373],
    &[0x1F9D1, 0x200D, 0x1F37C],
    &[0x1F9D1, 0x200D, 0x1F384],
    &[0x1F9D1, 0x200D, 0x1F393],
    &[0x1F9D1, 0x200D, 0x1F3A4],
    &[0x1F9D1, 0x200D, 0x1F3A8],
    &[0x1F9D1, 0x200D, 0x1F3EB],
    &[0x1F9D1, 0x200D, 0x1F3ED],
    &[0x1F9D1, 0x200D, 0x1F4BB],
    &[0x1F9D1, 0x200D, 0x1F4BC],
    &[0x1F9D1, 0x200D, 0x1F527],
    &[0x1F9D1, 0x200D, 0x1F52C],
    &[0x1F9D1, 0x200D, 0x1F680],
    &[0x1F9D1, 0x200D, 0x1F692],
    &[0x1F9D1, 0x200D, 0x1F91D, 0x200D, 0x1F9D1],
    &[0x1F9D1, 0x200D, 0x1F9AF],
    &[0x1F9D1, 0x200D, 0x1F9AF, 0x200D, 0x27A1],
    &[0x1F9D1, 0x200D, 0x1F9AF, 0x200D, 0x27A1, 0xFE0F],
    &[0x1F9D1, 0x200D, 0x1F9B0],
    &[0x1F9D1, 0x200D, 0x1F9B1],
    &[0x1F9D1, 0x200D, 0x1F9B2],
    &[0x1F9D1, 0x200D, 0x1F9B3],
    &[0x1F9D1, 0x200D, 0x1F9BC],
    &[0x1F9D1, 0x200D, 0x1F9BC, 0x200D, 0x27A1],
    &[0x1F9D1, 0x200D, 0x1F9BC, 0x200D, 0x27A1, 0xFE0F],
    &[0x1F9D1, 0x200D, 0x1F9BD],
    &[0x1F9D1, 0x200D, 0x1F9BD, 0x200D, 0x27A1],
    &[0x1F9D1, 0x200D, 0x1F9BD, 0x200D, 0x27A1, 0xFE0F],
    &[0x1F9D1, 0x200D, 0x1F9D1, 0x200D, 0x1F9D2],
    &[0x1F9D1, 0x200D, 0x1F9D1, 0x200D, 0x1F9D2, 0x200D, 0x1F9D2],
    &[0x1F9D1, 0x200D, 0x1F9D2],
    &[0x1F9D1, 0x200D, 0x1F9D2, 0x200D, 0x1F9D2],
    &[0x1F9D1, 0x200D, 0x1FA70],
    &[0x1F9D1, 0x1F3FB],
    &[0x1F9D1, 0x1F3FB, 0x200D, 0x2695],
    &[0x1F9D1, 0x1F3FB, 0x200D, 0x2695, 0xFE0F],
    &[0x1F9D1, 0x1F3FB, 0x200D, 0x2696],
    &[0x1F9D1, 0x1F3FB, 0x200D, 0x2696, 0xFE0F],
    &[0x1F9D1, 0x1F3FB, 0x200D, 0x2708],
    &[0x1F9D1, 0x1F3FB, 0x200D, 0x2708, 0xFE0F],
    &[
        0x1F9D1, 0x1F3FB, 0x200D, 0x2764, 0x200D, 0x1F48B, 0x200D, 0x1F9D1, 0x1F3FC,
    ],
    &[
        0x1F9D1, 0x1F3FB, 0x200D, 0x2764, 0x200D, 0x1F48B, 0x200D, 0x1F9D1, 0x1F3FD,
    ],
    &[
        0x1F9D1, 0x1F3FB, 0x200D, 0x2764, 0x200D, 0x1F48B, 0x200D, 0x1F9D1, 0x1F3FE,
    ],
    &[
        0x1F9D1, 0x1F3FB, 0x200D, 0x2764, 0x200D, 0x1F48B, 0x200D, 0x1F9D1, 0x1F3FF,
    ],
    &[0x1F9D1, 0x1F3FB, 0x200D, 0x2764, 0x200D, 0x1F9D1, 0x1F3FC],
    &[0x1F9D1, 0x1F3FB, 0x200D, 0x2764, 0x200D, 0x1F9D1, 0x1F3FD],
    &[0x1F9D1, 0x1F3FB, 0x200D, 0x2764, 0x200D, 0x1F9D1, 0x1F3FE],
    &[0x1F9D1, 0x1F3FB, 0x200D, 0x2764, 0x200D, 0x1F9D1, 0x1F3FF],
    &[
        0x1F9D1, 0x1F3FB, 0x200D, 0x2764, 0xFE0F, 0x200D, 0x1F48B, 0x200D, 0x1F9D1, 0x1F3FC,
    ],
    &[
        0x1F9D1, 0x1F3FB, 0x200D, 0x2764, 0xFE0F, 0x200D, 0x1F48B, 0x200D, 0x1F9D1, 0x1F3FD,
    ],
    &[
        0x1F9D1, 0x1F3FB, 0x200D, 0x2764, 0xFE0F, 0x200D, 0x1F48B, 0x200D, 0x1F9D1, 0x1F3FE,
    ],
    &[
        0x1F9D1, 0x1F3FB, 0x200D, 0x2764, 0xFE0F, 0x200D, 0x1F48B, 0x200D, 0x1F9D1, 0x1F3FF,
    ],
    &[
        0x1F9D1, 0x1F3FB, 0x200D, 0x2764, 0xFE0F, 0x200D, 0x1F9D1, 0x1F3FC,
    ],
    &[
        0x1F9D1, 0x1F3FB, 0x200D, 0x2764, 0xFE0F, 0x200D, 0x1F9D1, 0x1F3FD,
    ],
    &[
        0x1F9D1, 0x1F3FB, 0x200D, 0x2764, 0xFE0F, 0x200D, 0x1F9D1, 0x1F3FE,
    ],
    &[
        0x1F9D1, 0x1F3FB, 0x200D, 0x2764, 0xFE0F, 0x200D, 0x1F9D1, 0x1F3FF,
    ],
    &[0x1F9D1, 0x1F3FB, 0x200D, 0x1F33E],
    &[0x1F9D1, 0x1F3FB, 0x200D, 0x1F373],
    &[0x1F9D1, 0x1F3FB, 0x200D, 0x1F37C],
    &[0x1F9D1, 0x1F3FB, 0x200D, 0x1F384],
    &[0x1F9D1, 0x1F3FB, 0x200D, 0x1F393],
    &[0x1F9D1, 0x1F3FB, 0x200D, 0x1F3A4],
    &[0x1F9D1, 0x1F3FB, 0x200D, 0x1F3A8],
    &[0x1F9D1, 0x1F3FB, 0x200D, 0x1F3EB],
    &[0x1F9D1, 0x1F3FB, 0x200D, 0x1F3ED],
    &[0x1F9D1, 0x1F3FB, 0x200D, 0x1F430, 0x200D, 0x1F9D1, 0x1F3FC],
    &[0x1F9D1, 0x1F3FB, 0x200D, 0x1F430, 0x200D, 0x1F9D1, 0x1F3FD],
    &[0x1F9D1, 0x1F3FB, 0x200D, 0x1F430, 0x200D, 0x1F9D1, 0x1F3FE],
    &[0x1F9D1, 0x1F3FB, 0x200D, 0x1F430, 0x200D, 0x1F9D1, 0x1F3FF],
    &[0x1F9D1, 0x1F3FB, 0x200D, 0x1F4BB],
    &[0x1F9D1, 0x1F3FB, 0x200D, 0x1F4BC],
    &[0x1F9D1, 0x1F3FB, 0x200D, 0x1F527],
    &[0x1F9D1, 0x1F3FB, 0x200D, 0x1F52C],
    &[0x1F9D1, 0x1F3FB, 0x200D, 0x1F680],
    &[0x1F9D1, 0x1F3FB, 0x200D, 0x1F692],
    &[0x1F9D1, 0x1F3FB, 0x200D, 0x1F91D, 0x200D, 0x1F9D1, 0x1F3FB],
    &[0x1F9D1, 0x1F3FB, 0x200D, 0x1F91D, 0x200D, 0x1F9D1, 0x1F3FC],
    &[0x1F9D1, 0x1F3FB, 0x200D, 0x1F91D, 0x200D, 0x1F9D1, 0x1F3FD],
    &[0x1F9D1, 0x1F3FB, 0x200D, 0x1F91D, 0x200D, 0x1F9D1, 0x1F3FE],
    &[0x1F9D1, 0x1F3FB, 0x200D, 0x1F91D, 0x200D, 0x1F9D1, 0x1F3FF],
    &[0x1F9D1, 0x1F3FB, 0x200D, 0x1F9AF],
    &[0x1F9D1, 0x1F3FB, 0x200D, 0x1F9AF, 0x200D, 0x27A1],
    &[0x1F9D1, 0x1F3FB, 0x200D, 0x1F9AF, 0x200D, 0x27A1, 0xFE0F],
    &[0x1F9D1, 0x1F3FB, 0x200D, 0x1F9B0],
    &[0x1F9D1, 0x1F3FB, 0x200D, 0x1F9B1],
    &[0x1F9D1, 0x1F3FB, 0x200D, 0x1F9B2],
    &[0x1F9D1, 0x1F3FB, 0x200D, 0x1F9B3],
    &[0x1F9D1, 0x1F3FB, 0x200D, 0x1F9BC],
    &[0x1F9D1, 0x1F3FB, 0x200D, 0x1F9BC, 0x200D, 0x27A1],
    &[0x1F9D1, 0x1F3FB, 0x200D, 0x1F9BC, 0x200D, 0x27A1, 0xFE0F],
    &[0x1F9D1, 0x1F3FB, 0x200D, 0x1F9BD],
    &[0x1F9D1, 0x1F3FB, 0x200D, 0x1F9BD, 0x200D, 0x27A1],
    &[0x1F9D1, 0x1F3FB, 0x200D, 0x1F9BD, 0x200D, 0x27A1, 0xFE0F],
    &[0x1F9D1, 0x1F3FB, 0x200D, 0x1FA70],
    &[0x1F9D1, 0x1F3FB, 0x200D, 0x1FAEF, 0x200D, 0x1F9D1, 0x1F3FC],
    &[0x1F9D1, 0x1F3FB, 0x200D, 0x1FAEF, 0x200D, 0x1F9D1, 0x1F3FD],
    &[0x1F9D1, 0x1F3FB, 0x200D, 0x1FAEF, 0x200D, 0x1F9D1, 0x1F3FE],
    &[0x1F9D1, 0x1F3FB, 0x200D, 0x1FAEF, 0x200D, 0x1F9D1, 0x1F3FF],
    &[0x1F9D1, 0x1F3FC],
    &[0x1F9D1, 0x1F3FC, 0x200D, 0x2695],
    &[0x1F9D1, 0x1F3FC, 0x200D, 0x2695, 0xFE0F],
    &[0x1F9D1, 0x1F3FC, 0x200D, 0x2696],
    &[0x1F9D1, 0x1F3FC, 0x200D, 0x2696, 0xFE0F],
    &[0x1F9D1, 0x1F3FC, 0x200D, 0x2708],
    &[0x1F9D1, 0x1F3FC, 0x200D, 0x2708, 0xFE0F],
    &[
        0x1F9D1, 0x1F3FC, 0x200D, 0x2764, 0x200D, 0x1F48B, 0x200D, 0x1F9D1, 0x1F3FB,
    ],
    &[
        0x1F9D1, 0x1F3FC, 0x200D, 0x2764, 0x200D, 0x1F48B, 0x200D, 0x1F9D1, 0x1F3FD,
    ],
    &[
        0x1F9D1, 0x1F3FC, 0x200D, 0x2764, 0x200D, 0x1F48B, 0x200D, 0x1F9D1, 0x1F3FE,
    ],
    &[
        0x1F9D1, 0x1F3FC, 0x200D, 0x2764, 0x200D, 0x1F48B, 0x200D, 0x1F9D1, 0x1F3FF,
    ],
    &[0x1F9D1, 0x1F3FC, 0x200D, 0x2764, 0x200D, 0x1F9D1, 0x1F3FB],
    &[0x1F9D1, 0x1F3FC, 0x200D, 0x2764, 0x200D, 0x1F9D1, 0x1F3FD],
    &[0x1F9D1, 0x1F3FC, 0x200D, 0x2764, 0x200D, 0x1F9D1, 0x1F3FE],
    &[0x1F9D1, 0x1F3FC, 0x200D, 0x2764, 0x200D, 0x1F9D1, 0x1F3FF],
    &[
        0x1F9D1, 0x1F3FC, 0x200D, 0x2764, 0xFE0F, 0x200D, 0x1F48B, 0x200D, 0x1F9D1, 0x1F3FB,
    ],
    &[
        0x1F9D1, 0x1F3FC, 0x200D, 0x2764, 0xFE0F, 0x200D, 0x1F48B, 0x200D, 0x1F9D1, 0x1F3FD,
    ],
    &[
        0x1F9D1, 0x1F3FC, 0x200D, 0x2764, 0xFE0F, 0x200D, 0x1F48B, 0x200D, 0x1F9D1, 0x1F3FE,
    ],
    &[
        0x1F9D1, 0x1F3FC, 0x200D, 0x2764, 0xFE0F, 0x200D, 0x1F48B, 0x200D, 0x1F9D1, 0x1F3FF,
    ],
    &[
        0x1F9D1, 0x1F3FC, 0x200D, 0x2764, 0xFE0F, 0x200D, 0x1F9D1, 0x1F3FB,
    ],
    &[
        0x1F9D1, 0x1F3FC, 0x200D, 0x2764, 0xFE0F, 0x200D, 0x1F9D1, 0x1F3FD,
    ],
    &[
        0x1F9D1, 0x1F3FC, 0x200D, 0x2764, 0xFE0F, 0x200D, 0x1F9D1, 0x1F3FE,
    ],
    &[
        0x1F9D1, 0x1F3FC, 0x200D, 0x2764, 0xFE0F, 0x200D, 0x1F9D1, 0x1F3FF,
    ],
    &[0x1F9D1, 0x1F3FC, 0x200D, 0x1F33E],
    &[0x1F9D1, 0x1F3FC, 0x200D, 0x1F373],
    &[0x1F9D1, 0x1F3FC, 0x200D, 0x1F37C],
    &[0x1F9D1, 0x1F3FC, 0x200D, 0x1F384],
    &[0x1F9D1, 0x1F3FC, 0x200D, 0x1F393],
    &[0x1F9D1, 0x1F3FC, 0x200D, 0x1F3A4],
    &[0x1F9D1, 0x1F3FC, 0x200D, 0x1F3A8],
    &[0x1F9D1, 0x1F3FC, 0x200D, 0x1F3EB],
    &[0x1F9D1, 0x1F3FC, 0x200D, 0x1F3ED],
    &[0x1F9D1, 0x1F3FC, 0x200D, 0x1F430, 0x200D, 0x1F9D1, 0x1F3FB],
    &[0x1F9D1, 0x1F3FC, 0x200D, 0x1F430, 0x200D, 0x1F9D1, 0x1F3FD],
    &[0x1F9D1, 0x1F3FC, 0x200D, 0x1F430, 0x200D, 0x1F9D1, 0x1F3FE],
    &[0x1F9D1, 0x1F3FC, 0x200D, 0x1F430, 0x200D, 0x1F9D1, 0x1F3FF],
    &[0x1F9D1, 0x1F3FC, 0x200D, 0x1F4BB],
    &[0x1F9D1, 0x1F3FC, 0x200D, 0x1F4BC],
    &[0x1F9D1, 0x1F3FC, 0x200D, 0x1F527],
    &[0x1F9D1, 0x1F3FC, 0x200D, 0x1F52C],
    &[0x1F9D1, 0x1F3FC, 0x200D, 0x1F680],
    &[0x1F9D1, 0x1F3FC, 0x200D, 0x1F692],
    &[0x1F9D1, 0x1F3FC, 0x200D, 0x1F91D, 0x200D, 0x1F9D1, 0x1F3FB],
    &[0x1F9D1, 0x1F3FC, 0x200D, 0x1F91D, 0x200D, 0x1F9D1, 0x1F3FC],
    &[0x1F9D1, 0x1F3FC, 0x200D, 0x1F91D, 0x200D, 0x1F9D1, 0x1F3FD],
    &[0x1F9D1, 0x1F3FC, 0x200D, 0x1F91D, 0x200D, 0x1F9D1, 0x1F3FE],
    &[0x1F9D1, 0x1F3FC, 0x200D, 0x1F91D, 0x200D, 0x1F9D1, 0x1F3FF],
    &[0x1F9D1, 0x1F3FC, 0x200D, 0x1F9AF],
    &[0x1F9D1, 0x1F3FC, 0x200D, 0x1F9AF, 0x200D, 0x27A1],
    &[0x1F9D1, 0x1F3FC, 0x200D, 0x1F9AF, 0x200D, 0x27A1, 0xFE0F],
    &[0x1F9D1, 0x1F3FC, 0x200D, 0x1F9B0],
    &[0x1F9D1, 0x1F3FC, 0x200D, 0x1F9B1],
    &[0x1F9D1, 0x1F3FC, 0x200D, 0x1F9B2],
    &[0x1F9D1, 0x1F3FC, 0x200D, 0x1F9B3],
    &[0x1F9D1, 0x1F3FC, 0x200D, 0x1F9BC],
    &[0x1F9D1, 0x1F3FC, 0x200D, 0x1F9BC, 0x200D, 0x27A1],
    &[0x1F9D1, 0x1F3FC, 0x200D, 0x1F9BC, 0x200D, 0x27A1, 0xFE0F],
    &[0x1F9D1, 0x1F3FC, 0x200D, 0x1F9BD],
    &[0x1F9D1, 0x1F3FC, 0x200D, 0x1F9BD, 0x200D, 0x27A1],
    &[0x1F9D1, 0x1F3FC, 0x200D, 0x1F9BD, 0x200D, 0x27A1, 0xFE0F],
    &[0x1F9D1, 0x1F3FC, 0x200D, 0x1FA70],
    &[0x1F9D1, 0x1F3FC, 0x200D, 0x1FAEF, 0x200D, 0x1F9D1, 0x1F3FB],
    &[0x1F9D1, 0x1F3FC, 0x200D, 0x1FAEF, 0x200D, 0x1F9D1, 0x1F3FD],
    &[0x1F9D1, 0x1F3FC, 0x200D, 0x1FAEF, 0x200D, 0x1F9D1, 0x1F3FE],
    &[0x1F9D1, 0x1F3FC, 0x200D, 0x1FAEF, 0x200D, 0x1F9D1, 0x1F3FF],
    &[0x1F9D1, 0x1F3FD],
    &[0x1F9D1, 0x1F3FD, 0x200D, 0x2695],
    &[0x1F9D1, 0x1F3FD, 0x200D, 0x2695, 0xFE0F],
    &[0x1F9D1, 0x1F3FD, 0x200D, 0x2696],
    &[0x1F9D1, 0x1F3FD, 0x200D, 0x2696, 0xFE0F],
    &[0x1F9D1, 0x1F3FD, 0x200D, 0x2708],
    &[0x1F9D1, 0x1F3FD, 0x200D, 0x2708, 0xFE0F],
    &[
        0x1F9D1, 0x1F3FD, 0x200D, 0x2764, 0x200D, 0x1F48B, 0x200D, 0x1F9D1, 0x1F3FB,
    ],
    &[
        0x1F9D1, 0x1F3FD, 0x200D, 0x2764, 0x200D, 0x1F48B, 0x200D, 0x1F9D1, 0x1F3FC,
    ],
    &[
        0x1F9D1, 0x1F3FD, 0x200D, 0x2764, 0x200D, 0x1F48B, 0x200D, 0x1F9D1, 0x1F3FE,
    ],
    &[
        0x1F9D1, 0x1F3FD, 0x200D, 0x2764, 0x200D, 0x1F48B, 0x200D, 0x1F9D1, 0x1F3FF,
    ],
    &[0x1F9D1, 0x1F3FD, 0x200D, 0x2764, 0x200D, 0x1F9D1, 0x1F3FB],
    &[0x1F9D1, 0x1F3FD, 0x200D, 0x2764, 0x200D, 0x1F9D1, 0x1F3FC],
    &[0x1F9D1, 0x1F3FD, 0x200D, 0x2764, 0x200D, 0x1F9D1, 0x1F3FE],
    &[0x1F9D1, 0x1F3FD, 0x200D, 0x2764, 0x200D, 0x1F9D1, 0x1F3FF],
    &[
        0x1F9D1, 0x1F3FD, 0x200D, 0x2764, 0xFE0F, 0x200D, 0x1F48B, 0x200D, 0x1F9D1, 0x1F3FB,
    ],
    &[
        0x1F9D1, 0x1F3FD, 0x200D, 0x2764, 0xFE0F, 0x200D, 0x1F48B, 0x200D, 0x1F9D1, 0x1F3FC,
    ],
    &[
        0x1F9D1, 0x1F3FD, 0x200D, 0x2764, 0xFE0F, 0x200D, 0x1F48B, 0x200D, 0x1F9D1, 0x1F3FE,
    ],
    &[
        0x1F9D1, 0x1F3FD, 0x200D, 0x2764, 0xFE0F, 0x200D, 0x1F48B, 0x200D, 0x1F9D1, 0x1F3FF,
    ],
    &[
        0x1F9D1, 0x1F3FD, 0x200D, 0x2764, 0xFE0F, 0x200D, 0x1F9D1, 0x1F3FB,
    ],
    &[
        0x1F9D1, 0x1F3FD, 0x200D, 0x2764, 0xFE0F, 0x200D, 0x1F9D1, 0x1F3FC,
    ],
    &[
        0x1F9D1, 0x1F3FD, 0x200D, 0x2764, 0xFE0F, 0x200D, 0x1F9D1, 0x1F3FE,
    ],
    &[
        0x1F9D1, 0x1F3FD, 0x200D, 0x2764, 0xFE0F, 0x200D, 0x1F9D1, 0x1F3FF,
    ],
    &[0x1F9D1, 0x1F3FD, 0x200D, 0x1F33E],
    &[0x1F9D1, 0x1F3FD, 0x200D, 0x1F373],
    &[0x1F9D1, 0x1F3FD, 0x200D, 0x1F37C],
    &[0x1F9D1, 0x1F3FD, 0x200D, 0x1F384],
    &[0x1F9D1, 0x1F3FD, 0x200D, 0x1F393],
    &[0x1F9D1, 0x1F3FD, 0x200D, 0x1F3A4],
    &[0x1F9D1, 0x1F3FD, 0x200D, 0x1F3A8],
    &[0x1F9D1, 0x1F3FD, 0x200D, 0x1F3EB],
    &[0x1F9D1, 0x1F3FD, 0x200D, 0x1F3ED],
    &[0x1F9D1, 0x1F3FD, 0x200D, 0x1F430, 0x200D, 0x1F9D1, 0x1F3FB],
    &[0x1F9D1, 0x1F3FD, 0x200D, 0x1F430, 0x200D, 0x1F9D1, 0x1F3FC],
    &[0x1F9D1, 0x1F3FD, 0x200D, 0x1F430, 0x200D, 0x1F9D1, 0x1F3FE],
    &[0x1F9D1, 0x1F3FD, 0x200D, 0x1F430, 0x200D, 0x1F9D1, 0x1F3FF],
    &[0x1F9D1, 0x1F3FD, 0x200D, 0x1F4BB],
    &[0x1F9D1, 0x1F3FD, 0x200D, 0x1F4BC],
    &[0x1F9D1, 0x1F3FD, 0x200D, 0x1F527],
    &[0x1F9D1, 0x1F3FD, 0x200D, 0x1F52C],
    &[0x1F9D1, 0x1F3FD, 0x200D, 0x1F680],
    &[0x1F9D1, 0x1F3FD, 0x200D, 0x1F692],
    &[0x1F9D1, 0x1F3FD, 0x200D, 0x1F91D, 0x200D, 0x1F9D1, 0x1F3FB],
    &[0x1F9D1, 0x1F3FD, 0x200D, 0x1F91D, 0x200D, 0x1F9D1, 0x1F3FC],
    &[0x1F9D1, 0x1F3FD, 0x200D, 0x1F91D, 0x200D, 0x1F9D1, 0x1F3FD],
    &[0x1F9D1, 0x1F3FD, 0x200D, 0x1F91D, 0x200D, 0x1F9D1, 0x1F3FE],
    &[0x1F9D1, 0x1F3FD, 0x200D, 0x1F91D, 0x200D, 0x1F9D1, 0x1F3FF],
    &[0x1F9D1, 0x1F3FD, 0x200D, 0x1F9AF],
    &[0x1F9D1, 0x1F3FD, 0x200D, 0x1F9AF, 0x200D, 0x27A1],
    &[0x1F9D1, 0x1F3FD, 0x200D, 0x1F9AF, 0x200D, 0x27A1, 0xFE0F],
    &[0x1F9D1, 0x1F3FD, 0x200D, 0x1F9B0],
    &[0x1F9D1, 0x1F3FD, 0x200D, 0x1F9B1],
    &[0x1F9D1, 0x1F3FD, 0x200D, 0x1F9B2],
    &[0x1F9D1, 0x1F3FD, 0x200D, 0x1F9B3],
    &[0x1F9D1, 0x1F3FD, 0x200D, 0x1F9BC],
    &[0x1F9D1, 0x1F3FD, 0x200D, 0x1F9BC, 0x200D, 0x27A1],
    &[0x1F9D1, 0x1F3FD, 0x200D, 0x1F9BC, 0x200D, 0x27A1, 0xFE0F],
    &[0x1F9D1, 0x1F3FD, 0x200D, 0x1F9BD],
    &[0x1F9D1, 0x1F3FD, 0x200D, 0x1F9BD, 0x200D, 0x27A1],
    &[0x1F9D1, 0x1F3FD, 0x200D, 0x1F9BD, 0x200D, 0x27A1, 0xFE0F],
    &[0x1F9D1, 0x1F3FD, 0x200D, 0x1FA70],
    &[0x1F9D1, 0x1F3FD, 0x200D, 0x1FAEF, 0x200D, 0x1F9D1, 0x1F3FB],
    &[0x1F9D1, 0x1F3FD, 0x200D, 0x1FAEF, 0x200D, 0x1F9D1, 0x1F3FC],
    &[0x1F9D1, 0x1F3FD, 0x200D, 0x1FAEF, 0x200D, 0x1F9D1, 0x1F3FE],
    &[0x1F9D1, 0x1F3FD, 0x200D, 0x1FAEF, 0x200D, 0x1F9D1, 0x1F3FF],
    &[0x1F9D1, 0x1F3FE],
    &[0x1F9D1, 0x1F3FE, 0x200D, 0x2695],
    &[0x1F9D1, 0x1F3FE, 0x200D, 0x2695, 0xFE0F],
    &[0x1F9D1, 0x1F3FE, 0x200D, 0x2696],
    &[0x1F9D1, 0x1F3FE, 0x200D, 0x2696, 0xFE0F],
    &[0x1F9D1, 0x1F3FE, 0x200D, 0x2708],
    &[0x1F9D1, 0x1F3FE, 0x200D, 0x2708, 0xFE0F],
    &[
        0x1F9D1, 0x1F3FE, 0x200D, 0x2764, 0x200D, 0x1F48B, 0x200D, 0x1F9D1, 0x1F3FB,
    ],
    &[
        0x1F9D1, 0x1F3FE, 0x200D, 0x2764, 0x200D, 0x1F48B, 0x200D, 0x1F9D1, 0x1F3FC,
    ],
    &[
        0x1F9D1, 0x1F3FE, 0x200D, 0x2764, 0x200D, 0x1F48B, 0x200D, 0x1F9D1, 0x1F3FD,
    ],
    &[
        0x1F9D1, 0x1F3FE, 0x200D, 0x2764, 0x200D, 0x1F48B, 0x200D, 0x1F9D1, 0x1F3FF,
    ],
    &[0x1F9D1, 0x1F3FE, 0x200D, 0x2764, 0x200D, 0x1F9D1, 0x1F3FB],
    &[0x1F9D1, 0x1F3FE, 0x200D, 0x2764, 0x200D, 0x1F9D1, 0x1F3FC],
    &[0x1F9D1, 0x1F3FE, 0x200D, 0x2764, 0x200D, 0x1F9D1, 0x1F3FD],
    &[0x1F9D1, 0x1F3FE, 0x200D, 0x2764, 0x200D, 0x1F9D1, 0x1F3FF],
    &[
        0x1F9D1, 0x1F3FE, 0x200D, 0x2764, 0xFE0F, 0x200D, 0x1F48B, 0x200D, 0x1F9D1, 0x1F3FB,
    ],
    &[
        0x1F9D1, 0x1F3FE, 0x200D, 0x2764, 0xFE0F, 0x200D, 0x1F48B, 0x200D, 0x1F9D1, 0x1F3FC,
    ],
    &[
        0x1F9D1, 0x1F3FE, 0x200D, 0x2764, 0xFE0F, 0x200D, 0x1F48B, 0x200D, 0x1F9D1, 0x1F3FD,
    ],
    &[
        0x1F9D1, 0x1F3FE, 0x200D, 0x2764, 0xFE0F, 0x200D, 0x1F48B, 0x200D, 0x1F9D1, 0x1F3FF,
    ],
    &[
        0x1F9D1, 0x1F3FE, 0x200D, 0x2764, 0xFE0F, 0x200D, 0x1F9D1, 0x1F3FB,
    ],
    &[
        0x1F9D1, 0x1F3FE, 0x200D, 0x2764, 0xFE0F, 0x200D, 0x1F9D1, 0x1F3FC,
    ],
    &[
        0x1F9D1, 0x1F3FE, 0x200D, 0x2764, 0xFE0F, 0x200D, 0x1F9D1, 0x1F3FD,
    ],
    &[
        0x1F9D1, 0x1F3FE, 0x200D, 0x2764, 0xFE0F, 0x200D, 0x1F9D1, 0x1F3FF,
    ],
    &[0x1F9D1, 0x1F3FE, 0x200D, 0x1F33E],
    &[0x1F9D1, 0x1F3FE, 0x200D, 0x1F373],
    &[0x1F9D1, 0x1F3FE, 0x200D, 0x1F37C],
    &[0x1F9D1, 0x1F3FE, 0x200D, 0x1F384],
    &[0x1F9D1, 0x1F3FE, 0x200D, 0x1F393],
    &[0x1F9D1, 0x1F3FE, 0x200D, 0x1F3A4],
    &[0x1F9D1, 0x1F3FE, 0x200D, 0x1F3A8],
    &[0x1F9D1, 0x1F3FE, 0x200D, 0x1F3EB],
    &[0x1F9D1, 0x1F3FE, 0x200D, 0x1F3ED],
    &[0x1F9D1, 0x1F3FE, 0x200D, 0x1F430, 0x200D, 0x1F9D1, 0x1F3FB],
    &[0x1F9D1, 0x1F3FE, 0x200D, 0x1F430, 0x200D, 0x1F9D1, 0x1F3FC],
    &[0x1F9D1, 0x1F3FE, 0x200D, 0x1F430, 0x200D, 0x1F9D1, 0x1F3FD],
    &[0x1F9D1, 0x1F3FE, 0x200D, 0x1F430, 0x200D, 0x1F9D1, 0x1F3FF],
    &[0x1F9D1, 0x1F3FE, 0x200D, 0x1F4BB],
    &[0x1F9D1, 0x1F3FE, 0x200D, 0x1F4BC],
    &[0x1F9D1, 0x1F3FE, 0x200D, 0x1F527],
    &[0x1F9D1, 0x1F3FE, 0x200D, 0x1F52C],
    &[0x1F9D1, 0x1F3FE, 0x200D, 0x1F680],
    &[0x1F9D1, 0x1F3FE, 0x200D, 0x1F692],
    &[0x1F9D1, 0x1F3FE, 0x200D, 0x1F91D, 0x200D, 0x1F9D1, 0x1F3FB],
    &[0x1F9D1, 0x1F3FE, 0x200D, 0x1F91D, 0x200D, 0x1F9D1, 0x1F3FC],
    &[0x1F9D1, 0x1F3FE, 0x200D, 0x1F91D, 0x200D, 0x1F9D1, 0x1F3FD],
    &[0x1F9D1, 0x1F3FE, 0x200D, 0x1F91D, 0x200D, 0x1F9D1, 0x1F3FE],
    &[0x1F9D1, 0x1F3FE, 0x200D, 0x1F91D, 0x200D, 0x1F9D1, 0x1F3FF],
    &[0x1F9D1, 0x1F3FE, 0x200D, 0x1F9AF],
    &[0x1F9D1, 0x1F3FE, 0x200D, 0x1F9AF, 0x200D, 0x27A1],
    &[0x1F9D1, 0x1F3FE, 0x200D, 0x1F9AF, 0x200D, 0x27A1, 0xFE0F],
    &[0x1F9D1, 0x1F3FE, 0x200D, 0x1F9B0],
    &[0x1F9D1, 0x1F3FE, 0x200D, 0x1F9B1],
    &[0x1F9D1, 0x1F3FE, 0x200D, 0x1F9B2],
    &[0x1F9D1, 0x1F3FE, 0x200D, 0x1F9B3],
    &[0x1F9D1, 0x1F3FE, 0x200D, 0x1F9BC],
    &[0x1F9D1, 0x1F3FE, 0x200D, 0x1F9BC, 0x200D, 0x27A1],
    &[0x1F9D1, 0x1F3FE, 0x200D, 0x1F9BC, 0x200D, 0x27A1, 0xFE0F],
    &[0x1F9D1, 0x1F3FE, 0x200D, 0x1F9BD],
    &[0x1F9D1, 0x1F3FE, 0x200D, 0x1F9BD, 0x200D, 0x27A1],
    &[0x1F9D1, 0x1F3FE, 0x200D, 0x1F9BD, 0x200D, 0x27A1, 0xFE0F],
    &[0x1F9D1, 0x1F3FE, 0x200D, 0x1FA70],
    &[0x1F9D1, 0x1F3FE, 0x200D, 0x1FAEF, 0x200D, 0x1F9D1, 0x1F3FB],
    &[0x1F9D1, 0x1F3FE, 0x200D, 0x1FAEF, 0x200D, 0x1F9D1, 0x1F3FC],
    &[0x1F9D1, 0x1F3FE, 0x200D, 0x1FAEF, 0x200D, 0x1F9D1, 0x1F3FD],
    &[0x1F9D1, 0x1F3FE, 0x200D, 0x1FAEF, 0x200D, 0x1F9D1, 0x1F3FF],
    &[0x1F9D1, 0x1F3FF],
    &[0x1F9D1, 0x1F3FF, 0x200D, 0x2695],
    &[0x1F9D1, 0x1F3FF, 0x200D, 0x2695, 0xFE0F],
    &[0x1F9D1, 0x1F3FF, 0x200D, 0x2696],
    &[0x1F9D1, 0x1F3FF, 0x200D, 0x2696, 0xFE0F],
    &[0x1F9D1, 0x1F3FF, 0x200D, 0x2708],
    &[0x1F9D1, 0x1F3FF, 0x200D, 0x2708, 0xFE0F],
    &[
        0x1F9D1, 0x1F3FF, 0x200D, 0x2764, 0x200D, 0x1F48B, 0x200D, 0x1F9D1, 0x1F3FB,
    ],
    &[
        0x1F9D1, 0x1F3FF, 0x200D, 0x2764, 0x200D, 0x1F48B, 0x200D, 0x1F9D1, 0x1F3FC,
    ],
    &[
        0x1F9D1, 0x1F3FF, 0x200D, 0x2764, 0x200D, 0x1F48B, 0x200D, 0x1F9D1, 0x1F3FD,
    ],
    &[
        0x1F9D1, 0x1F3FF, 0x200D, 0x2764, 0x200D, 0x1F48B, 0x200D, 0x1F9D1, 0x1F3FE,
    ],
    &[0x1F9D1, 0x1F3FF, 0x200D, 0x2764, 0x200D, 0x1F9D1, 0x1F3FB],
    &[0x1F9D1, 0x1F3FF, 0x200D, 0x2764, 0x200D, 0x1F9D1, 0x1F3FC],
    &[0x1F9D1, 0x1F3FF, 0x200D, 0x2764, 0x200D, 0x1F9D1, 0x1F3FD],
    &[0x1F9D1, 0x1F3FF, 0x200D, 0x2764, 0x200D, 0x1F9D1, 0x1F3FE],
    &[
        0x1F9D1, 0x1F3FF, 0x200D, 0x2764, 0xFE0F, 0x200D, 0x1F48B, 0x200D, 0x1F9D1, 0x1F3FB,
    ],
    &[
        0x1F9D1, 0x1F3FF, 0x200D, 0x2764, 0xFE0F, 0x200D, 0x1F48B, 0x200D, 0x1F9D1, 0x1F3FC,
    ],
    &[
        0x1F9D1, 0x1F3FF, 0x200D, 0x2764, 0xFE0F, 0x200D, 0x1F48B, 0x200D, 0x1F9D1, 0x1F3FD,
    ],
    &[
        0x1F9D1, 0x1F3FF, 0x200D, 0x2764, 0xFE0F, 0x200D, 0x1F48B, 0x200D, 0x1F9D1, 0x1F3FE,
    ],
    &[
        0x1F9D1, 0x1F3FF, 0x200D, 0x2764, 0xFE0F, 0x200D, 0x1F9D1, 0x1F3FB,
    ],
    &[
        0x1F9D1, 0x1F3FF, 0x200D, 0x2764, 0xFE0F, 0x200D, 0x1F9D1, 0x1F3FC,
    ],
    &[
        0x1F9D1, 0x1F3FF, 0x200D, 0x2764, 0xFE0F, 0x200D, 0x1F9D1, 0x1F3FD,
    ],
    &[
        0x1F9D1, 0x1F3FF, 0x200D, 0x2764, 0xFE0F, 0x200D, 0x1F9D1, 0x1F3FE,
    ],
    &[0x1F9D1, 0x1F3FF, 0x200D, 0x1F33E],
    &[0x1F9D1, 0x1F3FF, 0x200D, 0x1F373],
    &[0x1F9D1, 0x1F3FF, 0x200D, 0x1F37C],
    &[0x1F9D1, 0x1F3FF, 0x200D, 0x1F384],
    &[0x1F9D1, 0x1F3FF, 0x200D, 0x1F393],
    &[0x1F9D1, 0x1F3FF, 0x200D, 0x1F3A4],
    &[0x1F9D1, 0x1F3FF, 0x200D, 0x1F3A8],
    &[0x1F9D1, 0x1F3FF, 0x200D, 0x1F3EB],
    &[0x1F9D1, 0x1F3FF, 0x200D, 0x1F3ED],
    &[0x1F9D1, 0x1F3FF, 0x200D, 0x1F430, 0x200D, 0x1F9D1, 0x1F3FB],
    &[0x1F9D1, 0x1F3FF, 0x200D, 0x1F430, 0x200D, 0x1F9D1, 0x1F3FC],
    &[0x1F9D1, 0x1F3FF, 0x200D, 0x1F430, 0x200D, 0x1F9D1, 0x1F3FD],
    &[0x1F9D1, 0x1F3FF, 0x200D, 0x1F430, 0x200D, 0x1F9D1, 0x1F3FE],
    &[0x1F9D1, 0x1F3FF, 0x200D, 0x1F4BB],
    &[0x1F9D1, 0x1F3FF, 0x200D, 0x1F4BC],
    &[0x1F9D1, 0x1F3FF, 0x200D, 0x1F527],
    &[0x1F9D1, 0x1F3FF, 0x200D, 0x1F52C],
    &[0x1F9D1, 0x1F3FF, 0x200D, 0x1F680],
    &[0x1F9D1, 0x1F3FF, 0x200D, 0x1F692],
    &[0x1F9D1, 0x1F3FF, 0x200D, 0x1F91D, 0x200D, 0x1F9D1, 0x1F3FB],
    &[0x1F9D1, 0x1F3FF, 0x200D, 0x1F91D, 0x200D, 0x1F9D1, 0x1F3FC],
    &[0x1F9D1, 0x1F3FF, 0x200D, 0x1F91D, 0x200D, 0x1F9D1, 0x1F3FD],
    &[0x1F9D1, 0x1F3FF, 0x200D, 0x1F91D, 0x200D, 0x1F9D1, 0x1F3FE],
    &[0x1F9D1, 0x1F3FF, 0x200D, 0x1F91D, 0x200D, 0x1F9D1, 0x1F3FF],
    &[0x1F9D1, 0x1F3FF, 0x200D, 0x1F9AF],
    &[0x1F9D1, 0x1F3FF, 0x200D, 0x1F9AF, 0x200D, 0x27A1],
    &[0x1F9D1, 0x1F3FF, 0x200D, 0x1F9AF, 0x200D, 0x27A1, 0xFE0F],
    &[0x1F9D1, 0x1F3FF, 0x200D, 0x1F9B0],
    &[0x1F9D1, 0x1F3FF, 0x200D, 0x1F9B1],
    &[0x1F9D1, 0x1F3FF, 0x200D, 0x1F9B2],
    &[0x1F9D1, 0x1F3FF, 0x200D, 0x1F9B3],
    &[0x1F9D1, 0x1F3FF, 0x200D, 0x1F9BC],
    &[0x1F9D1, 0x1F3FF, 0x200D, 0x1F9BC, 0x200D, 0x27A1],
    &[0x1F9D1, 0x1F3FF, 0x200D, 0x1F9BC, 0x200D, 0x27A1, 0xFE0F],
    &[0x1F9D1, 0x1F3FF, 0x200D, 0x1F9BD],
    &[0x1F9D1, 0x1F3FF, 0x200D, 0x1F9BD, 0x200D, 0x27A1],
    &[0x1F9D1, 0x1F3FF, 0x200D, 0x1F9BD, 0x200D, 0x27A1, 0xFE0F],
    &[0x1F9D1, 0x1F3FF, 0x200D, 0x1FA70],
    &[0x1F9D1, 0x1F3FF, 0x200D, 0x1FAEF, 0x200D, 0x1F9D1, 0x1F3FB],
    &[0x1F9D1, 0x1F3FF, 0x200D, 0x1FAEF, 0x200D, 0x1F9D1, 0x1F3FC],
    &[0x1F9D1, 0x1F3FF, 0x200D, 0x1FAEF, 0x200D, 0x1F9D1, 0x1F3FD],
    &[0x1F9D1, 0x1F3FF, 0x200D, 0x1FAEF, 0x200D, 0x1F9D1, 0x1F3FE],
    &[0x1F9D2, 0x1F3FB],
    &[0x1F9D2, 0x1F3FC],
    &[0x1F9D2, 0x1F3FD],
    &[0x1F9D2, 0x1F3FE],
    &[0x1F9D2, 0x1F3FF],
    &[0x1F9D3, 0x1F3FB],
    &[0x1F9D3, 0x1F3FC],
    &[0x1F9D3, 0x1F3FD],
    &[0x1F9D3, 0x1F3FE],
    &[0x1F9D3, 0x1F3FF],
    &[0x1F9D4, 0x200D, 0x2640],
    &[0x1F9D4, 0x200D, 0x2640, 0xFE0F],
    &[0x1F9D4, 0x200D, 0x2642],
    &[0x1F9D4, 0x200D, 0x2642, 0xFE0F],
    &[0x1F9D4, 0x1F3FB],
    &[0x1F9D4, 0x1F3FB, 0x200D, 0x2640],
    &[0x1F9D4, 0x1F3FB, 0x200D, 0x2640, 0xFE0F],
    &[0x1F9D4, 0x1F3FB, 0x200D, 0x2642],
    &[0x1F9D4, 0x1F3FB, 0x200D, 0x2642, 0xFE0F],
    &[0x1F9D4, 0x1F3FC],
    &[0x1F9D4, 0x1F3FC, 0x200D, 0x2640],
    &[0x1F9D4, 0x1F3FC, 0x200D, 0x2640, 0xFE0F],
    &[0x1F9D4, 0x1F3FC, 0x200D, 0x2642],
    &[0x1F9D4, 0x1F3FC, 0x200D, 0x2642, 0xFE0F],
    &[0x1F9D4, 0x1F3FD],
    &[0x1F9D4, 0x1F3FD, 0x200D, 0x2640],
    &[0x1F9D4, 0x1F3FD, 0x200D, 0x2640, 0xFE0F],
    &[0x1F9D4, 0x1F3FD, 0x200D, 0x2642],
    &[0x1F9D4, 0x1F3FD, 0x200D, 0x2642, 0xFE0F],
    &[0x1F9D4, 0x1F3FE],
    &[0x1F9D4, 0x1F3FE, 0x200D, 0x2640],
    &[0x1F9D4, 0x1F3FE, 0x200D, 0x2640, 0xFE0F],
    &[0x1F9D4, 0x1F3FE, 0x200D, 0x2642],
    &[0x1F9D4, 0x1F3FE, 0x200D, 0x2642, 0xFE0F],
    &[0x1F9D4, 0x1F3FF],
    &[0x1F9D4, 0x1F3FF, 0x200D, 0x2640],
    &[0x1F9D4, 0x1F3FF, 0x200D, 0x2640, 0xFE0F],
    &[0x1F9D4, 0x1F3FF, 0x200D, 0x2642],
    &[0x1F9D4, 0x1F3FF, 0x200D, 0x2642, 0xFE0F],
    &[0x1F9D5, 0x1F3FB],
    &[0x1F9D5, 0x1F3FC],
    &[0x1F9D5, 0x1F3FD],
    &[0x1F9D5, 0x1F3FE],
    &[0x1F9D5, 0x1F3FF],
    &[0x1F9D6, 0x200D, 0x2640],
    &[0x1F9D6, 0x200D, 0x2640, 0xFE0F],
    &[0x1F9D6, 0x200D, 0x2642],
    &[0x1F9D6, 0x200D, 0x2642, 0xFE0F],
    &[0x1F9D6, 0x1F3FB],
    &[0x1F9D6, 0x1F3FB, 0x200D, 0x2640],
    &[0x1F9D6, 0x1F3FB, 0x200D, 0x2640, 0xFE0F],
    &[0x1F9D6, 0x1F3FB, 0x200D, 0x2642],
    &[0x1F9D6, 0x1F3FB, 0x200D, 0x2642, 0xFE0F],
    &[0x1F9D6, 0x1F3FC],
    &[0x1F9D6, 0x1F3FC, 0x200D, 0x2640],
    &[0x1F9D6, 0x1F3FC, 0x200D, 0x2640, 0xFE0F],
    &[0x1F9D6, 0x1F3FC, 0x200D, 0x2642],
    &[0x1F9D6, 0x1F3FC, 0x200D, 0x2642, 0xFE0F],
    &[0x1F9D6, 0x1F3FD],
    &[0x1F9D6, 0x1F3FD, 0x200D, 0x2640],
    &[0x1F9D6, 0x1F3FD, 0x200D, 0x2640, 0xFE0F],
    &[0x1F9D6, 0x1F3FD, 0x200D, 0x2642],
    &[0x1F9D6, 0x1F3FD, 0x200D, 0x2642, 0xFE0F],
    &[0x1F9D6, 0x1F3FE],
    &[0x1F9D6, 0x1F3FE, 0x200D, 0x2640],
    &[0x1F9D6, 0x1F3FE, 0x200D, 0x2640, 0xFE0F],
    &[0x1F9D6, 0x1F3FE, 0x200D, 0x2642],
    &[0x1F9D6, 0x1F3FE, 0x200D, 0x2642, 0xFE0F],
    &[0x1F9D6, 0x1F3FF],
    &[0x1F9D6, 0x1F3FF, 0x200D, 0x2640],
    &[0x1F9D6, 0x1F3FF, 0x200D, 0x2640, 0xFE0F],
    &[0x1F9D6, 0x1F3FF, 0x200D, 0x2642],
    &[0x1F9D6, 0x1F3FF, 0x200D, 0x2642, 0xFE0F],
    &[0x1F9D7, 0x200D, 0x2640],
    &[0x1F9D7, 0x200D, 0x2640, 0xFE0F],
    &[0x1F9D7, 0x200D, 0x2642],
    &[0x1F9D7, 0x200D, 0x2642, 0xFE0F],
    &[0x1F9D7, 0x1F3FB],
    &[0x1F9D7, 0x1F3FB, 0x200D, 0x2640],
    &[0x1F9D7, 0x1F3FB, 0x200D, 0x2640, 0xFE0F],
    &[0x1F9D7, 0x1F3FB, 0x200D, 0x2642],
    &[0x1F9D7, 0x1F3FB, 0x200D, 0x2642, 0xFE0F],
    &[0x1F9D7, 0x1F3FC],
    &[0x1F9D7, 0x1F3FC, 0x200D, 0x2640],
    &[0x1F9D7, 0x1F3FC, 0x200D, 0x2640, 0xFE0F],
    &[0x1F9D7, 0x1F3FC, 0x200D, 0x2642],
    &[0x1F9D7, 0x1F3FC, 0x200D, 0x2642, 0xFE0F],
    &[0x1F9D7, 0x1F3FD],
    &[0x1F9D7, 0x1F3FD, 0x200D, 0x2640],
    &[0x1F9D7, 0x1F3FD, 0x200D, 0x2640, 0xFE0F],
    &[0x1F9D7, 0x1F3FD, 0x200D, 0x2642],
    &[0x1F9D7, 0x1F3FD, 0x200D, 0x2642, 0xFE0F],
    &[0x1F9D7, 0x1F3FE],
    &[0x1F9D7, 0x1F3FE, 0x200D, 0x2640],
    &[0x1F9D7, 0x1F3FE, 0x200D, 0x2640, 0xFE0F],
    &[0x1F9D7, 0x1F3FE, 0x200D, 0x2642],
    &[0x1F9D7, 0x1F3FE, 0x200D, 0x2642, 0xFE0F],
    &[0x1F9D7, 0x1F3FF],
    &[0x1F9D7, 0x1F3FF, 0x200D, 0x2640],
    &[0x1F9D7, 0x1F3FF, 0x200D, 0x2640, 0xFE0F],
    &[0x1F9D7, 0x1F3FF, 0x200D, 0x2642],
    &[0x1F9D7, 0x1F3FF, 0x200D, 0x2642, 0xFE0F],
    &[0x1F9D8, 0x200D, 0x2640],
    &[0x1F9D8, 0x200D, 0x2640, 0xFE0F],
    &[0x1F9D8, 0x200D, 0x2642],
    &[0x1F9D8, 0x200D, 0x2642, 0xFE0F],
    &[0x1F9D8, 0x1F3FB],
    &[0x1F9D8, 0x1F3FB, 0x200D, 0x2640],
    &[0x1F9D8, 0x1F3FB, 0x200D, 0x2640, 0xFE0F],
    &[0x1F9D8, 0x1F3FB, 0x200D, 0x2642],
    &[0x1F9D8, 0x1F3FB, 0x200D, 0x2642, 0xFE0F],
    &[0x1F9D8, 0x1F3FC],
    &[0x1F9D8, 0x1F3FC, 0x200D, 0x2640],
    &[0x1F9D8, 0x1F3FC, 0x200D, 0x2640, 0xFE0F],
    &[0x1F9D8, 0x1F3FC, 0x200D, 0x2642],
    &[0x1F9D8, 0x1F3FC, 0x200D, 0x2642, 0xFE0F],
    &[0x1F9D8, 0x1F3FD],
    &[0x1F9D8, 0x1F3FD, 0x200D, 0x2640],
    &[0x1F9D8, 0x1F3FD, 0x200D, 0x2640, 0xFE0F],
    &[0x1F9D8, 0x1F3FD, 0x200D, 0x2642],
    &[0x1F9D8, 0x1F3FD, 0x200D, 0x2642, 0xFE0F],
    &[0x1F9D8, 0x1F3FE],
    &[0x1F9D8, 0x1F3FE, 0x200D, 0x2640],
    &[0x1F9D8, 0x1F3FE, 0x200D, 0x2640, 0xFE0F],
    &[0x1F9D8, 0x1F3FE, 0x200D, 0x2642],
    &[0x1F9D8, 0x1F3FE, 0x200D, 0x2642, 0xFE0F],
    &[0x1F9D8, 0x1F3FF],
    &[0x1F9D8, 0x1F3FF, 0x200D, 0x2640],
    &[0x1F9D8, 0x1F3FF, 0x200D, 0x2640, 0xFE0F],
    &[0x1F9D8, 0x1F3FF, 0x200D, 0x2642],
    &[0x1F9D8, 0x1F3FF, 0x200D, 0x2642, 0xFE0F],
    &[0x1F9D9, 0x200D, 0x2640],
    &[0x1F9D9, 0x200D, 0x2640, 0xFE0F],
    &[0x1F9D9, 0x200D, 0x2642],
    &[0x1F9D9, 0x200D, 0x2642, 0xFE0F],
    &[0x1F9D9, 0x1F3FB],
    &[0x1F9D9, 0x1F3FB, 0x200D, 0x2640],
    &[0x1F9D9, 0x1F3FB, 0x200D, 0x2640, 0xFE0F],
    &[0x1F9D9, 0x1F3FB, 0x200D, 0x2642],
    &[0x1F9D9, 0x1F3FB, 0x200D, 0x2642, 0xFE0F],
    &[0x1F9D9, 0x1F3FC],
    &[0x1F9D9, 0x1F3FC, 0x200D, 0x2640],
    &[0x1F9D9, 0x1F3FC, 0x200D, 0x2640, 0xFE0F],
    &[0x1F9D9, 0x1F3FC, 0x200D, 0x2642],
    &[0x1F9D9, 0x1F3FC, 0x200D, 0x2642, 0xFE0F],
    &[0x1F9D9, 0x1F3FD],
    &[0x1F9D9, 0x1F3FD, 0x200D, 0x2640],
    &[0x1F9D9, 0x1F3FD, 0x200D, 0x2640, 0xFE0F],
    &[0x1F9D9, 0x1F3FD, 0x200D, 0x2642],
    &[0x1F9D9, 0x1F3FD, 0x200D, 0x2642, 0xFE0F],
    &[0x1F9D9, 0x1F3FE],
    &[0x1F9D9, 0x1F3FE, 0x200D, 0x2640],
    &[0x1F9D9, 0x1F3FE, 0x200D, 0x2640, 0xFE0F],
    &[0x1F9D9, 0x1F3FE, 0x200D, 0x2642],
    &[0x1F9D9, 0x1F3FE, 0x200D, 0x2642, 0xFE0F],
    &[0x1F9D9, 0x1F3FF],
    &[0x1F9D9, 0x1F3FF, 0x200D, 0x2640],
    &[0x1F9D9, 0x1F3FF, 0x200D, 0x2640, 0xFE0F],
    &[0x1F9D9, 0x1F3FF, 0x200D, 0x2642],
    &[0x1F9D9, 0x1F3FF, 0x200D, 0x2642, 0xFE0F],
    &[0x1F9DA, 0x200D, 0x2640],
    &[0x1F9DA, 0x200D, 0x2640, 0xFE0F],
    &[0x1F9DA, 0x200D, 0x2642],
    &[0x1F9DA, 0x200D, 0x2642, 0xFE0F],
    &[0x1F9DA, 0x1F3FB],
    &[0x1F9DA, 0x1F3FB, 0x200D, 0x2640],
    &[0x1F9DA, 0x1F3FB, 0x200D, 0x2640, 0xFE0F],
    &[0x1F9DA, 0x1F3FB, 0x200D, 0x2642],
    &[0x1F9DA, 0x1F3FB, 0x200D, 0x2642, 0xFE0F],
    &[0x1F9DA, 0x1F3FC],
    &[0x1F9DA, 0x1F3FC, 0x200D, 0x2640],
    &[0x1F9DA, 0x1F3FC, 0x200D, 0x2640, 0xFE0F],
    &[0x1F9DA, 0x1F3FC, 0x200D, 0x2642],
    &[0x1F9DA, 0x1F3FC, 0x200D, 0x2642, 0xFE0F],
    &[0x1F9DA, 0x1F3FD],
    &[0x1F9DA, 0x1F3FD, 0x200D, 0x2640],
    &[0x1F9DA, 0x1F3FD, 0x200D, 0x2640, 0xFE0F],
    &[0x1F9DA, 0x1F3FD, 0x200D, 0x2642],
    &[0x1F9DA, 0x1F3FD, 0x200D, 0x2642, 0xFE0F],
    &[0x1F9DA, 0x1F3FE],
    &[0x1F9DA, 0x1F3FE, 0x200D, 0x2640],
    &[0x1F9DA, 0x1F3FE, 0x200D, 0x2640, 0xFE0F],
    &[0x1F9DA, 0x1F3FE, 0x200D, 0x2642],
    &[0x1F9DA, 0x1F3FE, 0x200D, 0x2642, 0xFE0F],
    &[0x1F9DA, 0x1F3FF],
    &[0x1F9DA, 0x1F3FF, 0x200D, 0x2640],
    &[0x1F9DA, 0x1F3FF, 0x200D, 0x2640, 0xFE0F],
    &[0x1F9DA, 0x1F3FF, 0x200D, 0x2642],
    &[0x1F9DA, 0x1F3FF, 0x200D, 0x2642, 0xFE0F],
    &[0x1F9DB, 0x200D, 0x2640],
    &[0x1F9DB, 0x200D, 0x2640, 0xFE0F],
    &[0x1F9DB, 0x200D, 0x2642],
    &[0x1F9DB, 0x200D, 0x2642, 0xFE0F],
    &[0x1F9DB, 0x1F3FB],
    &[0x1F9DB, 0x1F3FB, 0x200D, 0x2640],
    &[0x1F9DB, 0x1F3FB, 0x200D, 0x2640, 0xFE0F],
    &[0x1F9DB, 0x1F3FB, 0x200D, 0x2642],
    &[0x1F9DB, 0x1F3FB, 0x200D, 0x2642, 0xFE0F],
    &[0x1F9DB, 0x1F3FC],
    &[0x1F9DB, 0x1F3FC, 0x200D, 0x2640],
    &[0x1F9DB, 0x1F3FC, 0x200D, 0x2640, 0xFE0F],
    &[0x1F9DB, 0x1F3FC, 0x200D, 0x2642],
    &[0x1F9DB, 0x1F3FC, 0x200D, 0x2642, 0xFE0F],
    &[0x1F9DB, 0x1F3FD],
    &[0x1F9DB, 0x1F3FD, 0x200D, 0x2640],
    &[0x1F9DB, 0x1F3FD, 0x200D, 0x2640, 0xFE0F],
    &[0x1F9DB, 0x1F3FD, 0x200D, 0x2642],
    &[0x1F9DB, 0x1F3FD, 0x200D, 0x2642, 0xFE0F],
    &[0x1F9DB, 0x1F3FE],
    &[0x1F9DB, 0x1F3FE, 0x200D, 0x2640],
    &[0x1F9DB, 0x1F3FE, 0x200D, 0x2640, 0xFE0F],
    &[0x1F9DB, 0x1F3FE, 0x200D, 0x2642],
    &[0x1F9DB, 0x1F3FE, 0x200D, 0x2642, 0xFE0F],
    &[0x1F9DB, 0x1F3FF],
    &[0x1F9DB, 0x1F3FF, 0x200D, 0x2640],
    &[0x1F9DB, 0x1F3FF, 0x200D, 0x2640, 0xFE0F],
    &[0x1F9DB, 0x1F3FF, 0x200D, 0x2642],
    &[0x1F9DB, 0x1F3FF, 0x200D, 0x2642, 0xFE0F],
    &[0x1F9DC, 0x200D, 0x2640],
    &[0x1F9DC, 0x200D, 0x2640, 0xFE0F],
    &[0x1F9DC, 0x200D, 0x2642],
    &[0x1F9DC, 0x200D, 0x2642, 0xFE0F],
    &[0x1F9DC, 0x1F3FB],
    &[0x1F9DC, 0x1F3FB, 0x200D, 0x2640],
    &[0x1F9DC, 0x1F3FB, 0x200D, 0x2640, 0xFE0F],
    &[0x1F9DC, 0x1F3FB, 0x200D, 0x2642],
    &[0x1F9DC, 0x1F3FB, 0x200D, 0x2642, 0xFE0F],
    &[0x1F9DC, 0x1F3FC],
    &[0x1F9DC, 0x1F3FC, 0x200D, 0x2640],
    &[0x1F9DC, 0x1F3FC, 0x200D, 0x2640, 0xFE0F],
    &[0x1F9DC, 0x1F3FC, 0x200D, 0x2642],
    &[0x1F9DC, 0x1F3FC, 0x200D, 0x2642, 0xFE0F],
    &[0x1F9DC, 0x1F3FD],
    &[0x1F9DC, 0x1F3FD, 0x200D, 0x2640],
    &[0x1F9DC, 0x1F3FD, 0x200D, 0x2640, 0xFE0F],
    &[0x1F9DC, 0x1F3FD, 0x200D, 0x2642],
    &[0x1F9DC, 0x1F3FD, 0x200D, 0x2642, 0xFE0F],
    &[0x1F9DC, 0x1F3FE],
    &[0x1F9DC, 0x1F3FE, 0x200D, 0x2640],
    &[0x1F9DC, 0x1F3FE, 0x200D, 0x2640, 0xFE0F],
    &[0x1F9DC, 0x1F3FE, 0x200D, 0x2642],
    &[0x1F9DC, 0x1F3FE, 0x200D, 0x2642, 0xFE0F],
    &[0x1F9DC, 0x1F3FF],
    &[0x1F9DC, 0x1F3FF, 0x200D, 0x2640],
    &[0x1F9DC, 0x1F3FF, 0x200D, 0x2640, 0xFE0F],
    &[0x1F9DC, 0x1F3FF, 0x200D, 0x2642],
    &[0x1F9DC, 0x1F3FF, 0x200D, 0x2642, 0xFE0F],
    &[0x1F9DD, 0x200D, 0x2640],
    &[0x1F9DD, 0x200D, 0x2640, 0xFE0F],
    &[0x1F9DD, 0x200D, 0x2642],
    &[0x1F9DD, 0x200D, 0x2642, 0xFE0F],
    &[0x1F9DD, 0x1F3FB],
    &[0x1F9DD, 0x1F3FB, 0x200D, 0x2640],
    &[0x1F9DD, 0x1F3FB, 0x200D, 0x2640, 0xFE0F],
    &[0x1F9DD, 0x1F3FB, 0x200D, 0x2642],
    &[0x1F9DD, 0x1F3FB, 0x200D, 0x2642, 0xFE0F],
    &[0x1F9DD, 0x1F3FC],
    &[0x1F9DD, 0x1F3FC, 0x200D, 0x2640],
    &[0x1F9DD, 0x1F3FC, 0x200D, 0x2640, 0xFE0F],
    &[0x1F9DD, 0x1F3FC, 0x200D, 0x2642],
    &[0x1F9DD, 0x1F3FC, 0x200D, 0x2642, 0xFE0F],
    &[0x1F9DD, 0x1F3FD],
    &[0x1F9DD, 0x1F3FD, 0x200D, 0x2640],
    &[0x1F9DD, 0x1F3FD, 0x200D, 0x2640, 0xFE0F],
    &[0x1F9DD, 0x1F3FD, 0x200D, 0x2642],
    &[0x1F9DD, 0x1F3FD, 0x200D, 0x2642, 0xFE0F],
    &[0x1F9DD, 0x1F3FE],
    &[0x1F9DD, 0x1F3FE, 0x200D, 0x2640],
    &[0x1F9DD, 0x1F3FE, 0x200D, 0x2640, 0xFE0F],
    &[0x1F9DD, 0x1F3FE, 0x200D, 0x2642],
    &[0x1F9DD, 0x1F3FE, 0x200D, 0x2642, 0xFE0F],
    &[0x1F9DD, 0x1F3FF],
    &[0x1F9DD, 0x1F3FF, 0x200D, 0x2640],
    &[0x1F9DD, 0x1F3FF, 0x200D, 0x2640, 0xFE0F],
    &[0x1F9DD, 0x1F3FF, 0x200D, 0x2642],
    &[0x1F9DD, 0x1F3FF, 0x200D, 0x2642, 0xFE0F],
    &[0x1F9DE, 0x200D, 0x2640],
    &[0x1F9DE, 0x200D, 0x2640, 0xFE0F],
    &[0x1F9DE, 0x200D, 0x2642],
    &[0x1F9DE, 0x200D, 0x2642, 0xFE0F],
    &[0x1F9DF, 0x200D, 0x2640],
    &[0x1F9DF, 0x200D, 0x2640, 0xFE0F],
    &[0x1F9DF, 0x200D, 0x2642],
    &[0x1F9DF, 0x200D, 0x2642, 0xFE0F],
    &[0x1FAC3, 0x1F3FB],
    &[0x1FAC3, 0x1F3FC],
    &[0x1FAC3, 0x1F3FD],
    &[0x1FAC3, 0x1F3FE],
    &[0x1FAC3, 0x1F3FF],
    &[0x1FAC4, 0x1F3FB],
    &[0x1FAC4, 0x1F3FC],
    &[0x1FAC4, 0x1F3FD],
    &[0x1FAC4, 0x1F3FE],
    &[0x1FAC4, 0x1F3FF],
    &[0x1FAC5, 0x1F3FB],
    &[0x1FAC5, 0x1F3FC],
    &[0x1FAC5, 0x1F3FD],
    &[0x1FAC5, 0x1F3FE],
    &[0x1FAC5, 0x1F3FF],
    &[0x1FAF0, 0x1F3FB],
    &[0x1FAF0, 0x1F3FC],
    &[0x1FAF0, 0x1F3FD],
    &[0x1FAF0, 0x1F3FE],
    &[0x1FAF0, 0x1F3FF],
    &[0x1FAF1, 0x1F3FB],
    &[0x1FAF1, 0x1F3FB, 0x200D, 0x1FAF2, 0x1F3FC],
    &[0x1FAF1, 0x1F3FB, 0x200D, 0x1FAF2, 0x1F3FD],
    &[0x1FAF1, 0x1F3FB, 0x200D, 0x1FAF2, 0x1F3FE],
    &[0x1FAF1, 0x1F3FB, 0x200D, 0x1FAF2, 0x1F3FF],
    &[0x1FAF1, 0x1F3FC],
    &[0x1FAF1, 0x1F3FC, 0x200D, 0x1FAF2, 0x1F3FB],
    &[0x1FAF1, 0x1F3FC, 0x200D, 0x1FAF2, 0x1F3FD],
    &[0x1FAF1, 0x1F3FC, 0x200D, 0x1FAF2, 0x1F3FE],
    &[0x1FAF1, 0x1F3FC, 0x200D, 0x1FAF2, 0x1F3FF],
    &[0x1FAF1, 0x1F3FD],
    &[0x1FAF1, 0x1F3FD, 0x200D, 0x1FAF2, 0x1F3FB],
    &[0x1FAF1, 0x1F3FD, 0x200D, 0x1FAF2, 0x1F3FC],
    &[0x1FAF1, 0x1F3FD, 0x200D, 0x1FAF2, 0x1F3FE],
    &[0x1FAF1, 0x1F3FD, 0x200D, 0x1FAF2, 0x1F3FF],
    &[0x1FAF1, 0x1F3FE],
    &[0x1FAF1, 0x1F3FE, 0x200D, 0x1FAF2, 0x1F3FB],
    &[0x1FAF1, 0x1F3FE, 0x200D, 0x1FAF2, 0x1F3FC],
    &[0x1FAF1, 0x1F3FE, 0x200D, 0x1FAF2, 0x1F3FD],
    &[0x1FAF1, 0x1F3FE, 0x200D, 0x1FAF2, 0x1F3FF],
    &[0x1FAF1, 0x1F3FF],
    &[0x1FAF1, 0x1F3FF, 0x200D, 0x1FAF2, 0x1F3FB],
    &[0x1FAF1, 0x1F3FF, 0x200D, 0x1FAF2, 0x1F3FC],
    &[0x1FAF1, 0x1F3FF, 0x200D, 0x1FAF2, 0x1F3FD],
    &[0x1FAF1, 0x1F3FF, 0x200D, 0x1FAF2, 0x1F3FE],
    &[0x1FAF2, 0x1F3FB],
    &[0x1FAF2, 0x1F3FC],
    &[0x1FAF2, 0x1F3FD],
    &[0x1FAF2, 0x1F3FE],
    &[0x1FAF2, 0x1F3FF],
    &[0x1FAF3, 0x1F3FB],
    &[0x1FAF3, 0x1F3FC],
    &[0x1FAF3, 0x1F3FD],
    &[0x1FAF3, 0x1F3FE],
    &[0x1FAF3, 0x1F3FF],
    &[0x1FAF4, 0x1F3FB],
    &[0x1FAF4, 0x1F3FC],
    &[0x1FAF4, 0x1F3FD],
    &[0x1FAF4, 0x1F3FE],
    &[0x1FAF4, 0x1F3FF],
    &[0x1FAF5, 0x1F3FB],
    &[0x1FAF5, 0x1F3FC],
    &[0x1FAF5, 0x1F3FD],
    &[0x1FAF5, 0x1F3FE],
    &[0x1FAF5, 0x1F3FF],
    &[0x1FAF6, 0x1F3FB],
    &[0x1FAF6, 0x1F3FC],
    &[0x1FAF6, 0x1F3FD],
    &[0x1FAF6, 0x1F3FE],
    &[0x1FAF6, 0x1F3FF],
    &[0x1FAF7, 0x1F3FB],
    &[0x1FAF7, 0x1F3FC],
    &[0x1FAF7, 0x1F3FD],
    &[0x1FAF7, 0x1F3FE],
    &[0x1FAF7, 0x1F3FF],
    &[0x1FAF8, 0x1F3FB],
    &[0x1FAF8, 0x1F3FC],
    &[0x1FAF8, 0x1F3FD],
    &[0x1FAF8, 0x1F3FE],
    &[0x1FAF8, 0x1F3FF],
];

/// The runs of [`EMOJI`] that count one column when matched alone (Prettier's narrow emoji).
pub(super) static NARROW: [(u32, u32); 108] = [
    (0xA9, 0xA9),
    (0xAE, 0xAE),
    (0x203C, 0x203C),
    (0x2049, 0x2049),
    (0x2122, 0x2122),
    (0x2139, 0x2139),
    (0x2194, 0x2199),
    (0x21A9, 0x21AA),
    (0x2328, 0x2328),
    (0x23CF, 0x23CF),
    (0x23ED, 0x23EF),
    (0x23F1, 0x23F2),
    (0x23F8, 0x23FA),
    (0x24C2, 0x24C2),
    (0x25AA, 0x25AB),
    (0x25B6, 0x25B6),
    (0x25C0, 0x25C0),
    (0x25FB, 0x25FC),
    (0x2600, 0x2604),
    (0x260E, 0x260E),
    (0x2611, 0x2611),
    (0x2618, 0x2618),
    (0x2620, 0x2620),
    (0x2622, 0x2623),
    (0x2626, 0x2626),
    (0x262A, 0x262A),
    (0x262E, 0x262F),
    (0x2638, 0x263A),
    (0x2640, 0x2640),
    (0x2642, 0x2642),
    (0x265F, 0x2660),
    (0x2663, 0x2663),
    (0x2665, 0x2666),
    (0x2668, 0x2668),
    (0x267B, 0x267B),
    (0x267E, 0x267E),
    (0x2692, 0x2692),
    (0x2694, 0x2697),
    (0x2699, 0x2699),
    (0x269B, 0x269C),
    (0x26A0, 0x26A0),
    (0x26A7, 0x26A7),
    (0x26B0, 0x26B1),
    (0x26C8, 0x26C8),
    (0x26CF, 0x26CF),
    (0x26D1, 0x26D1),
    (0x26D3, 0x26D3),
    (0x26E9, 0x26E9),
    (0x26F0, 0x26F1),
    (0x26F4, 0x26F4),
    (0x26F7, 0x26F8),
    (0x2702, 0x2702),
    (0x2708, 0x2709),
    (0x270F, 0x270F),
    (0x2712, 0x2712),
    (0x2714, 0x2714),
    (0x2716, 0x2716),
    (0x271D, 0x271D),
    (0x2721, 0x2721),
    (0x2733, 0x2734),
    (0x2744, 0x2744),
    (0x2747, 0x2747),
    (0x2763, 0x2764),
    (0x27A1, 0x27A1),
    (0x2934, 0x2935),
    (0x2B05, 0x2B07),
    (0x1F170, 0x1F171),
    (0x1F17E, 0x1F17F),
    (0x1F321, 0x1F321),
    (0x1F324, 0x1F32C),
    (0x1F336, 0x1F336),
    (0x1F37D, 0x1F37D),
    (0x1F396, 0x1F397),
    (0x1F399, 0x1F39B),
    (0x1F39E, 0x1F39F),
    (0x1F3CD, 0x1F3CE),
    (0x1F3D4, 0x1F3DF),
    (0x1F3F3, 0x1F3F3),
    (0x1F3F5, 0x1F3F5),
    (0x1F3F7, 0x1F3F7),
    (0x1F43F, 0x1F43F),
    (0x1F441, 0x1F441),
    (0x1F4FD, 0x1F4FD),
    (0x1F549, 0x1F54A),
    (0x1F56F, 0x1F570),
    (0x1F573, 0x1F573),
    (0x1F576, 0x1F579),
    (0x1F587, 0x1F587),
    (0x1F58A, 0x1F58D),
    (0x1F5A5, 0x1F5A5),
    (0x1F5A8, 0x1F5A8),
    (0x1F5B1, 0x1F5B2),
    (0x1F5BC, 0x1F5BC),
    (0x1F5C2, 0x1F5C4),
    (0x1F5D1, 0x1F5D3),
    (0x1F5DC, 0x1F5DE),
    (0x1F5E1, 0x1F5E1),
    (0x1F5E3, 0x1F5E3),
    (0x1F5E8, 0x1F5E8),
    (0x1F5EF, 0x1F5EF),
    (0x1F5F3, 0x1F5F3),
    (0x1F5FA, 0x1F5FA),
    (0x1F6CB, 0x1F6CB),
    (0x1F6CD, 0x1F6CF),
    (0x1F6E0, 0x1F6E5),
    (0x1F6E9, 0x1F6E9),
    (0x1F6F0, 0x1F6F0),
    (0x1F6F3, 0x1F6F3),
];
