{
  "generatedAt": "2026-02-18T00:51:20.888Z",
  "commitSha": "67b4988",
  "testFilesCount": 3612,
  "javascript": {
    "name": "JavaScript (svelte/compiler)",
    "filesCount": 3612,
    "durationMs": 2299.1557363333336,
    "throughputFilesPerSec": 1571.0114556051672
  },
  "rustSingleThread": {
    "name": "Rust (single-threaded)",
    "filesCount": 3612,
    "durationMs": 1576.4836666666667,
    "throughputFilesPerSec": 2291.1750222171663
  },
  "rustMultiThread": {
    "name": "Rust (multi-threaded)",
    "filesCount": 3612,
    "durationMs": 327.92696666666666,
    "throughputFilesPerSec": 11014.647672057874
  },
  "speedup": {
    "singleThreadVsJs": 1.4584075845166808,
    "multiThreadVsJs": 7.011182275443649
  }
}
