{
  "generatedAt": "2026-03-03T23:48:29.146Z",
  "commitSha": "7cae681",
  "testFilesCount": 3654,
  "javascript": {
    "name": "JavaScript (svelte/compiler)",
    "filesCount": 3654,
    "durationMs": 986.9337640000002,
    "throughputFilesPerSec": 3702.376120146599
  },
  "rustSingleThread": {
    "name": "Rust (single-threaded)",
    "filesCount": 3654,
    "durationMs": 1434.8249000000003,
    "throughputFilesPerSec": 2546.652208224153
  },
  "rustMultiThread": {
    "name": "Rust (multi-threaded)",
    "filesCount": 3654,
    "durationMs": 363.06003333333337,
    "throughputFilesPerSec": 10064.45123262902
  },
  "speedup": {
    "singleThreadVsJs": 0.6878426517409895,
    "multiThreadVsJs": 2.71837622813711
  }
}
